image_path,cancer,patient_id,image_id,classe,lut,cor_predominante,segunda_cor,filtered_path,monochrome1_inverted,windowing_applied,hue_medio_graus,saturacao_media,brilho_medio,freq_vermelho,freq_laranja,freq_amarelo,freq_verde,freq_ciano,freq_azul,freq_roxo,freq_rosa
/media/angualberto/HD500_TRABALHO/cbis_ddsm/Calc-Training_P_00012_LEFT_CC/44292/14995/363998aa-c374-4d35-9463-9854aec59553.dcm,1,Calc-Training_P_00012_LEFT_CC,363998aa-c374-4d35-9463-9854aec59553,cancer_verdadeiro,AlizaMS RainbowB 1536,azul,ciano,,False,False,217.3030478945825,1.0,0.9776706494830691,0.0001344531434749495,0.0001344531434749495,3.361328586873738e-05,0.1315624008902381,0.2033267662199924,0.4318298835556691,0.16759584334152458,0.06538258641975803
/media/angualberto/HD500_TRABALHO/cbis_ddsm/Calc-Training_P_00016_LEFT_CC/22221/74118/d628fcbd-1663-4ebc-916d-3fe1b4510474.dcm,1,Calc-Training_P_00016_LEFT_CC,d628fcbd-1663-4ebc-916d-3fe1b4510474,cancer_verdadeiro,AlizaMS RainbowB 1536,verde,azul,,False,False,180.81676448114968,1.0,0.9792987470331828,0.029461397148477498,0.002708458649672415,0.002155711986473963,0.44147875989660373,0.15659312968412148,0.21170197200500718,0.09490660207117423,0.06099396855846918
/media/angualberto/HD500_TRABALHO/cbis_ddsm/Calc-Training_P_00020_LEFT_MLO/49334/93765/b7ba52c6-946d-4b72-a08e-82fcdc75b912.dcm,1,Calc-Training_P_00020_LEFT_MLO,b7ba52c6-946d-4b72-a08e-82fcdc75b912,cancer_verdadeiro,AlizaMS RainbowB 1536,azul,verde,,False,False,207.06095674473661,1.0,0.9656694324480883,0.00028937587675689416,0.004292408838560597,0.0016880259477485492,0.23998906045705087,0.19171151835144237,0.34305510189529803,0.1232741234984369,0.09570038513470432
/media/angualberto/HD500_TRABALHO/cbis_ddsm/Calc-Training_P_00016_LEFT_MLO/62962/59315/611ab269-f9c7-46ae-b960-e204788d370d.dcm,1,Calc-Training_P_00016_LEFT_MLO,611ab269-f9c7-46ae-b960-e204788d370d,cancer_verdadeiro,AlizaMS RainbowB 1536,verde,vermelho,,False,False,134.5936196151969,0.9999999999999999,0.9850563614494013,0.10350806029152966,0.027394990422223344,0.04764656743578349,0.5488998863216797,0.08397082461883583,0.08786398492655727,0.053647034699060576,0.04706865128432966
/media/angualberto/HD500_TRABALHO/cbis_ddsm/Calc-Training_P_00020_LEFT_CC/55320/59268/3e76b486-3ed0-448f-8843-134d1b03d82a.dcm,1,Calc-Training_P_00020_LEFT_CC,3e76b486-3ed0-448f-8843-134d1b03d82a,cancer_verdadeiro,AlizaMS RainbowB 1536,verde,azul,,False,False,195.81805611451097,1.0,0.9658696565628202,0.0023159198487386463,0.031264917957971726,0.003329134782561804,0.31228731710335184,0.1710162063302944,0.2569947307147167,0.13142845141591816,0.09136332184644654
/media/angualberto/HD500_TRABALHO/cbis_ddsm/Calc-Training_P_00012_LEFT_MLO/83789/47069/7d6b2890-23a9-42a7-bf88-1b53498ab724.dcm,1,Calc-Training_P_00012_LEFT_MLO,7d6b2890-23a9-42a7-bf88-1b53498ab724,cancer_verdadeiro,AlizaMS RainbowB 1536,verde,azul,,False,False,192.56991371154834,1.0,0.9792676312782135,9.417314440436098e-05,0.007973326226235896,0.0031391048134786995,0.323924225702867,0.20328842772088057,0.31821105494233576,0.08089473104334609,0.06247495640645123
/media/angualberto/HD500_TRABALHO/cbis_ddsm/Calc-Training_P_00005_RIGHT_CC/23157/38548/6ab0591c-34da-4eb8-a484-d097ea0a4789.dcm,1,Calc-Training_P_00005_RIGHT_CC,6ab0591c-34da-4eb8-a484-d097ea0a4789,cancer_verdadeiro,AlizaMS RainbowB 1536,roxo,azul,,False,False,231.6237673942299,1.0,0.976969421219389,0.00011900404349294448,0.00011900404349294448,0.0008726963189482595,0.15117480325053714,0.11813134717399622,0.2887831455428786,0.3595112153921853,0.0812887842344688
/media/angualberto/HD500_TRABALHO/cbis_ddsm/Calc-Training_P_00014_LEFT_CC/71473/63410/4cfb0584-1104-4c08-aab0-e9a96d532f6c.dcm,1,Calc-Training_P_00014_LEFT_CC,4cfb0584-1104-4c08-aab0-e9a96d532f6c,cancer_verdadeiro,AlizaMS RainbowB 1536,roxo,verde,,False,False,222.62845516721254,1.0,0.9671347329408244,0.0024599880717533253,0.0004341155420741163,0.0002894103613827442,0.2713704488565531,0.1067924233502326,0.1992107987517889,0.2717563293383968,0.14768648572781223
/media/angualberto/HD500_TRABALHO/cbis_ddsm/Calc-Training_P_00043_LEFT_MLO/89761/92769/271fa1f1-f4a8-430a-948b-d05b82b35f15.dcm,1,Calc-Training_P_00043_LEFT_MLO,271fa1f1-f4a8-430a-948b-d05b82b35f15,cancer_verdadeiro,AlizaMS RainbowB 1536,ciano,verde,,False,False,157.47211774024203,1.0,0.9781754481011028,0.02595921825784228,0.06851480041997457,0.13956602626683118,0.22267310136491733,0.29751330840501755,0.11990090073495549,0.06325406620125623,0.06261857834920515
/media/angualberto/HD500_TRABALHO/cbis_ddsm/Calc-Training_P_00029_LEFT_MLO/17161/62911/4292106a-2cc6-4dc5-bec8-dbf9b15a0a35.dcm,1,Calc-Training_P_00029_LEFT_MLO,4292106a-2cc6-4dc5-bec8-dbf9b15a0a35,cancer_verdadeiro,AlizaMS RainbowB 1536,verde,azul,,False,False,168.20015423152697,1.0,0.9814483464514385,0.001126231150906551,0.06794054896399054,0.06780959185342002,0.35232701027895175,0.17330864012903835,0.19481179768471923,0.08465067627279008,0.05802550366618276
/media/angualberto/HD500_TRABALHO/cbis_ddsm/Calc-Training_P_00031_LEFT_CC/07797/01522/25090cb2-9be3-4b28-a316-6f876d1e9f19.dcm,1,Calc-Training_P_00031_LEFT_CC,25090cb2-9be3-4b28-a316-6f876d1e9f19,cancer_verdadeiro,AlizaMS RainbowB 1536,azul,roxo,,False,False,240.61033317834915,1.0,0.9277490810072068,0.020946763400066803,0.0015252497621407867,0.0017286163970928914,0.020692555106376673,0.11408868220813084,0.3868033396789035,0.26829143316056436,0.18592336028672277
/media/angualberto/HD500_TRABALHO/cbis_ddsm/Calc-Training_P_00005_RIGHT_MLO/33338/96727/8970edd3-807a-4f63-b7b5-5070195f86b8.dcm,1,Calc-Training_P_00005_RIGHT_MLO,8970edd3-807a-4f63-b7b5-5070195f86b8,cancer_verdadeiro,AlizaMS RainbowB 1536,verde,azul,,False,False,200.7859519585826,1.0,0.9779737570606677,0.0017726776156350612,0.001624954480998806,0.0014476867194352999,0.326970386203887,0.1477822238901096,0.29299406523754834,0.152657087333106,0.07475091851927883
/media/angualberto/HD500_TRABALHO/cbis_ddsm/Calc-Training_P_00014_LEFT_MLO/14335/03717/3611aaec-343a-4139-b266-8fdee4968c8c.dcm,1,Calc-Training_P_00014_LEFT_MLO,3611aaec-343a-4139-b266-8fdee4968c8c,cancer_verdadeiro,AlizaMS RainbowB 1536,verde,ciano,,False,False,195.67694368497425,1.0,0.9755968773262282,0.023019875146626442,0.00750953244112509,0.002175658931540914,0.277256148679109,0.2401646730236454,0.22661944161114875,0.13475048866317918,0.08850418150362377
/media/angualberto/HD500_TRABALHO/cbis_ddsm/Calc-Training_P_00029_LEFT_CC/95083/04086/b3bc0c7e-2388-4ae7-a574-5d8b5b049d57.dcm,1,Calc-Training_P_00029_LEFT_CC,b3bc0c7e-2388-4ae7-a574-5d8b5b049d57,cancer_verdadeiro,AlizaMS RainbowB 1536,azul,ciano,,False,False,209.2227989378219,0.9999999999999999,0.9794314142332228,0.04637609680686032,0.00402535048870633,0.003112035671941028,0.10009253862253807,0.17170318555187672,0.44759191316438784,0.16307743450464887,0.0640214451890395
/media/angualberto/HD500_TRABALHO/cbis_ddsm/Calc-Training_P_00047_LEFT_MLO/89501/08043/38da94ed-0bbb-44d2-95a7-025b322f1f23.dcm,1,Calc-Training_P_00047_LEFT_MLO,38da94ed-0bbb-44d2-95a7-025b322f1f23,cancer_verdadeiro,AlizaMS RainbowB 1536,verde,ciano,,False,False,171.73486913544517,1.0,0.9807305422606524,0.010569999516116186,0.01870757236534371,0.08371970328036794,0.3935666347025855,0.20737542983710794,0.14019622789158287,0.08606367806846066,0.059800754338434514
/media/angualberto/HD500_TRABALHO/cbis_ddsm/Calc-Training_P_00047_LEFT_MLO/89501/08043/38da94ed-0bbb-44d2-95a7-025b322f1f23.dcm,1,Calc-Training_P_00047_LEFT_MLO,38da94ed-0bbb-44d2-95a7-025b322f1f23,cancer_verdadeiro,AlizaMS RainbowB 1536,verde,ciano,,False,False,171.73486913544517,1.0,0.9807305422606524,0.010569999516116186,0.01870757236534371,0.08371970328036794,0.3935666347025855,0.20737542983710794,0.14019622789158287,0.08606367806846066,0.059800754338434514
/media/angualberto/HD500_TRABALHO/cbis_ddsm/Calc-Training_P_00047_LEFT_MLO/89501/08043/38da94ed-0bbb-44d2-95a7-025b322f1f23.dcm,1,Calc-Training_P_00047_LEFT_MLO,38da94ed-0bbb-44d2-95a7-025b322f1f23,cancer_verdadeiro,AlizaMS RainbowB 1536,verde,ciano,,False,False,171.73486913544517,1.0,0.9807305422606525,0.010569999516116186,0.01870757236534371,0.08371970328036794,0.3935666347025855,0.20737542983710794,0.14019622789158287,0.08606367806846066,0.059800754338434514
/media/angualberto/HD500_TRABALHO/cbis_ddsm/Calc-Training_P_00047_LEFT_CC/73583/60300/c4c621e8-d6fc-4686-882d-238331b7f536.dcm,1,Calc-Training_P_00047_LEFT_CC,c4c621e8-d6fc-4686-882d-238331b7f536,cancer_verdadeiro,AlizaMS RainbowB 1536,verde,ciano,,False,False,175.7882015535341,1.0,0.9808297243546692,0.004266721484675654,0.016956062004035717,0.011691925107357962,0.5196534296530946,0.17554511251236976,0.13797579866029064,0.07779840213616387,0.05611254844201099
/media/angualberto/HD500_TRABALHO/cbis_ddsm/Calc-Training_P_00047_LEFT_CC/73583/60300/c4c621e8-d6fc-4686-882d-238331b7f536.dcm,1,Calc-Training_P_00047_LEFT_CC,c4c621e8-d6fc-4686-882d-238331b7f536,cancer_verdadeiro,AlizaMS RainbowB 1536,verde,ciano,,False,False,175.7882015535341,1.0,0.9808297243546692,0.004266721484675654,0.016956062004035717,0.011691925107357962,0.5196534296530946,0.17554511251236976,0.13797579866029064,0.07779840213616387,0.05611254844201099
/media/angualberto/HD500_TRABALHO/cbis_ddsm/Calc-Training_P_00047_LEFT_CC/73583/60300/c4c621e8-d6fc-4686-882d-238331b7f536.dcm,1,Calc-Training_P_00047_LEFT_CC,c4c621e8-d6fc-4686-882d-238331b7f536,cancer_verdadeiro,AlizaMS RainbowB 1536,verde,ciano,,False,False,175.78820155353412,1.0,0.9808297243546692,0.004266721484675654,0.016956062004035717,0.011691925107357962,0.5196534296530946,0.17554511251236976,0.13797579866029064,0.07779840213616387,0.05611254844201099
/media/angualberto/HD500_TRABALHO/cbis_ddsm/Calc-Training_P_00034_RIGHT_CC/88254/72169/7d05fbe0-ff1b-419f-b9c0-4ee6e76128e2.dcm,1,Calc-Training_P_00034_RIGHT_CC,7d05fbe0-ff1b-419f-b9c0-4ee6e76128e2,cancer_verdadeiro,AlizaMS RainbowB 1536,verde,azul,,False,False,148.63990736256775,1.0,0.9900557881025348,0.01600774533846052,0.008834019932379387,0.05059199358437132,0.6783086297723789,0.0793808741441467,0.0826388105731093,0.05256555122883905,0.03167237542631423
/media/angualberto/HD500_TRABALHO/cbis_ddsm/Calc-Training_P_00034_RIGHT_MLO/33300/41211/65d0a61d-4551-4306-bb23-a51cb4662364.dcm,1,Calc-Training_P_00034_RIGHT_MLO,65d0a61d-4551-4306-bb23-a51cb4662364,cancer_verdadeiro,AlizaMS RainbowB 1536,verde,ciano,,False,False,135.56472666613865,1.0,0.9881263340938611,0.08353629525761194,0.06060690926813313,0.0857526201563563,0.4417053437090172,0.15166776436716115,0.08621777476473476,0.05434100307291756,0.03617228940406772
/media/angualberto/HD500_TRABALHO/cbis_ddsm/Calc-Training_P_00063_RIGHT_MLO/12475/61807/315c7d9a-5a0b-4fe4-801d-1a29d958fd77.dcm,1,Calc-Training_P_00063_RIGHT_MLO,315c7d9a-5a0b-4fe4-801d-1a29d958fd77,cancer_verdadeiro,AlizaMS RainbowB 1536,verde,azul,,False,False,153.98295304668946,1.0,0.9824296997958796,0.025174756001055114,0.01414534423634924,0.06281324188868369,0.5910379847006063,0.08566341334740168,0.10495251912424156,0.06315945660775517,0.05305328409390657
/media/angualberto/HD500_TRABALHO/cbis_ddsm/Calc-Training_P_00049_RIGHT_CC/71344/15938/de451e97-89d9-4f68-870d-454b5addf1ea.dcm,1,Calc-Training_P_00049_RIGHT_CC,de451e97-89d9-4f68-870d-454b5addf1ea,cancer_verdadeiro,AlizaMS RainbowB 1536,verde,ciano,,False,False,187.11419984906902,1.0,0.9668149778873434,0.08448857308187675,0.01138980763880431,0.009916499188013702,0.2453625227662819,0.2209962676185911,0.18087694518936995,0.1415509426951899,0.10541844182187131
/media/angualberto/HD500_TRABALHO/cbis_ddsm/Calc-Training_P_00063_RIGHT_CC/04603/85124/5a41f27e-fc9e-450c-a043-560f4fab5e03.dcm,1,Calc-Training_P_00063_RIGHT_CC,5a41f27e-fc9e-450c-a043-560f4fab5e03,cancer_verdadeiro,AlizaMS RainbowB 1536,verde,ciano,,False,False,161.68833325579476,1.0,0.9860494482476752,0.013765522651130707,0.002803160976230253,0.022725626485866696,0.6642990949205659,0.11427886622738692,0.0875487240611913,0.051407970046222676,0.04317103463140488
/media/angualberto/HD500_TRABALHO/cbis_ddsm/Calc-Training_P_00049_RIGHT_MLO/75796/09467/f2a2d452-f7a3-4c7e-9f03-80852a4eafd0.dcm,1,Calc-Training_P_00049_RIGHT_MLO,f2a2d452-f7a3-4c7e-9f03-80852a4eafd0,cancer_verdadeiro,AlizaMS RainbowB 1536,verde,azul,,False,False,158.26498701004041,1.0,0.9801288663941752,0.04342964096326197,0.01702977359689553,0.07414272609652771,0.366326046892172,0.175540526530445,0.17613545311898282,0.08410774645453645,0.06328808634717846
/media/angualberto/HD500_TRABALHO/cbis_ddsm/Calc-Training_P_00078_LEFT_CC/74864/74029/6350d6d3-b477-469b-8d61-a95063da5748.dcm,1,Calc-Training_P_00078_LEFT_CC,6350d6d3-b477-469b-8d61-a95063da5748,cancer_verdadeiro,AlizaMS RainbowB 1536,azul,roxo,,False,False,242.62121008505912,1.0,0.9784050479910731,0.0,0.0,0.0,0.0008760861386919652,0.04491626241832268,0.5625820835231173,0.32138883041707555,0.07023673750278955
/media/angualberto/HD500_TRABALHO/cbis_ddsm/Calc-Training_P_00085_RIGHT_CC/72573/57000/494c335d-a91b-44a4-ab96-9e54ee524a84.dcm,1,Calc-Training_P_00085_RIGHT_CC,494c335d-a91b-44a4-ab96-9e54ee524a84,cancer_verdadeiro,AlizaMS RainbowB 1536,verde,azul,,False,False,146.86817796610163,1.0,0.97570206048521,0.00019067796610169478,0.01277542372881355,0.08733050847457621,0.594152542372881,0.062033898305084705,0.10569915254237282,0.06902542372881351,0.0687923728813559
/media/angualberto/HD500_TRABALHO/cbis_ddsm/Calc-Training_P_00101_RIGHT_CC/84702/95050/0ec5674c-c5cd-4185-ab19-39edc2109ee6.dcm,1,Calc-Training_P_00101_RIGHT_CC,0ec5674c-c5cd-4185-ab19-39edc2109ee6,cancer_verdadeiro,AlizaMS RainbowB 1536,verde,rosa,,False,False,221.82149014794277,1.0,0.919094954923533,0.0009828382312509207,0.0009360364107151627,0.0004212163848218232,0.264898304232391,0.13567847773316283,0.19188746419660835,0.16989060854480204,0.23530505426625326
/media/angualberto/HD500_TRABALHO/cbis_ddsm/Calc-Training_P_00088_LEFT_MLO/60357/90172/988f9991-aa6f-4db1-9ad5-228ddab6fa97.dcm,1,Calc-Training_P_00088_LEFT_MLO,988f9991-aa6f-4db1-9ad5-228ddab6fa97,cancer_verdadeiro,AlizaMS RainbowB 1536,azul,roxo,,False,False,222.95733081916572,0.9999999999999999,0.9786317716459799,0.0003675167994811521,0.0005206487992649655,0.0007044071990055415,0.1598391813743444,0.1343273902103611,0.4088624394227817,0.21502795409643075,0.08035046209832859
/media/angualberto/HD500_TRABALHO/cbis_ddsm/Calc-Training_P_00085_RIGHT_MLO/66505/96992/ae7feb47-9bf3-4723-9e32-ea6d6366a684.dcm,1,Calc-Training_P_00085_RIGHT_MLO,ae7feb47-9bf3-4723-9e32-ea6d6366a684,cancer_verdadeiro,AlizaMS RainbowB 1536,verde,amarelo,,False,False,154.98224531314443,1.0,0.9793721469315958,0.0001371329743496804,0.01833010757140728,0.1351216907258851,0.4859535501038174,0.0846110451737528,0.13265329718759084,0.0804970559432624,0.06269612031993387
/media/angualberto/HD500_TRABALHO/cbis_ddsm/Calc-Training_P_00084_LEFT_CC/96706/00736/87403799-6631-48d0-88da-cfbddec01717.dcm,1,Calc-Training_P_00084_LEFT_CC,87403799-6631-48d0-88da-cfbddec01717,cancer_verdadeiro,AlizaMS RainbowB 1536,ciano,verde,,False,False,180.9121113086698,1.0,0.9835159332626289,0.03717486984691436,0.006762319924029657,0.0015027377608954793,0.3019429515284988,0.3411572511937713,0.1808652233649202,0.0780708046255699,0.05252384175539971
/media/angualberto/HD500_TRABALHO/cbis_ddsm/Calc-Training_P_00084_LEFT_MLO/91993/67660/2385eb2e-4081-427d-8b46-7919d7c15367.dcm,1,Calc-Training_P_00084_LEFT_MLO,2385eb2e-4081-427d-8b46-7919d7c15367,cancer_verdadeiro,AlizaMS RainbowB 1536,verde,ciano,,False,False,166.94919466699886,1.0,0.988300471763249,0.026045869547914286,0.0033426423957795544,0.03548549167359575,0.44106834940790374,0.21253857409324717,0.17133047863807682,0.07265567511466439,0.03753291912881767
/media/angualberto/HD500_TRABALHO/cbis_ddsm/Calc-Training_P_00136_LEFT_MLO/69745/19459/0026c10a-140b-40a5-8af1-a44930cd296b.dcm,1,Calc-Training_P_00136_LEFT_MLO,0026c10a-140b-40a5-8af1-a44930cd296b,cancer_verdadeiro,AlizaMS RainbowB 1536,verde,azul,,False,False,189.06424354443828,1.0,0.9650247873837607,0.00011898075948918219,0.0006742243037720324,0.00432296759477362,0.42261965770557514,0.15062964151330466,0.23332126935828626,0.09942825467979324,0.08888500408500614
/media/angualberto/HD500_TRABALHO/cbis_ddsm/Calc-Training_P_00078_LEFT_MLO/94271/28597/ffd7c89f-2efd-4062-b3c0-7954186bee4f.dcm,1,Calc-Training_P_00078_LEFT_MLO,ffd7c89f-2efd-4062-b3c0-7954186bee4f,cancer_verdadeiro,AlizaMS RainbowB 1536,azul,roxo,,False,False,210.99803057408013,1.0,0.9766618617511899,0.013130421053995284,0.08068629739363413,0.050449933346054375,0.061088654029462064,0.04398271103587759,0.3838058469706212,0.2911089938580873,0.0757471423122671
/media/angualberto/HD500_TRABALHO/cbis_ddsm/Calc-Training_P_00088_LEFT_CC/52407/67714/2310fa87-537b-481f-a107-0dbf43d2387d.dcm,1,Calc-Training_P_00088_LEFT_CC,2310fa87-537b-481f-a107-0dbf43d2387d,cancer_verdadeiro,AlizaMS RainbowB 1536,azul,verde,,False,False,161.8708875281257,1.0,0.9825821178742469,0.0,0.038876108348112726,0.20009338945530478,0.25025147379353524,0.10983758153436285,0.25222761608479793,0.09611237507504763,0.05260145570883906
/media/angualberto/HD500_TRABALHO/cbis_ddsm/Calc-Training_P_00101_RIGHT_MLO/65078/10338/b882e071-e133-4a32-b0bf-fc40cde48bc7.dcm,1,Calc-Training_P_00101_RIGHT_MLO,b882e071-e133-4a32-b0bf-fc40cde48bc7,cancer_verdadeiro,AlizaMS RainbowB 1536,azul,verde,,False,False,219.9842366406476,1.0,0.9389798034037838,0.0005074896853550649,0.006529700618235168,0.0041614154199115325,0.23012965598567678,0.13336828931131106,0.2552673117335977,0.17664024314925292,0.19339589409665328
/media/angualberto/HD500_TRABALHO/cbis_ddsm/Calc-Training_P_00136_LEFT_MLO/69745/19459/0026c10a-140b-40a5-8af1-a44930cd296b.dcm,1,Calc-Training_P_00136_LEFT_MLO,0026c10a-140b-40a5-8af1-a44930cd296b,cancer_verdadeiro,AlizaMS RainbowB 1536,verde,azul,,False,False,189.0642435444383,1.0,0.9650247873837607,0.00011898075948918219,0.0006742243037720324,0.00432296759477362,0.42261965770557514,0.15062964151330466,0.23332126935828626,0.09942825467979324,0.08888500408500614
/media/angualberto/HD500_TRABALHO/cbis_ddsm/Calc-Training_P_00136_LEFT_CC/17032/19461/53264962-00c8-49aa-b462-e635fadb8da5.dcm,1,Calc-Training_P_00136_LEFT_CC,53264962-00c8-49aa-b462-e635fadb8da5,cancer_verdadeiro,AlizaMS RainbowB 1536,verde,azul,,False,False,186.64711690598253,1.0,0.9468902422355975,0.00036114089933431077,0.0052004289504140756,0.03994218346637477,0.4091726389457741,0.10444194808748268,0.16561921643471492,0.13773913900610613,0.13752330420979805
/media/angualberto/HD500_TRABALHO/cbis_ddsm/Calc-Training_P_00121_LEFT_MLO/43396/38149/801beb46-181c-4c39-87df-a348beea5601.dcm,1,Calc-Training_P_00121_LEFT_MLO,801beb46-181c-4c39-87df-a348beea5601,cancer_verdadeiro,AlizaMS RainbowB 1536,roxo,azul,,False,False,250.77594445742253,1.0,0.9738098156561669,0.005289722183395793,0.003064680312602324,0.00285477070215011,0.030017074294666598,0.03912715138829269,0.3293901607216142,0.49916505365536484,0.09109138674191122
/media/angualberto/HD500_TRABALHO/cbis_ddsm/Calc-Training_P_00157_LEFT_MLO/71220/74106/e21048db-c013-4c46-9dd7-51155af4702f.dcm,1,Calc-Training_P_00157_LEFT_MLO,e21048db-c013-4c46-9dd7-51155af4702f,cancer_verdadeiro,AlizaMS RainbowB 1536,azul,roxo,,False,False,236.15845055300656,1.0,0.9557235437387072,0.004229125924777584,0.020299804438932402,0.0050304339947354415,0.07741526298092861,0.1205078302986623,0.31607151648337733,0.2928780995695971,0.1635679263089861
/media/angualberto/HD500_TRABALHO/cbis_ddsm/Calc-Training_P_00157_LEFT_MLO/71220/74106/e21048db-c013-4c46-9dd7-51155af4702f.dcm,1,Calc-Training_P_00157_LEFT_MLO,e21048db-c013-4c46-9dd7-51155af4702f,cancer_verdadeiro,AlizaMS RainbowB 1536,azul,roxo,,False,False,236.15845055300656,1.0,0.9557235437387072,0.004229125924777584,0.020299804438932402,0.0050304339947354415,0.07741526298092861,0.1205078302986623,0.31607151648337733,0.2928780995695971,0.1635679263089861
/media/angualberto/HD500_TRABALHO/cbis_ddsm/Calc-Training_P_00157_LEFT_MLO/71220/74106/e21048db-c013-4c46-9dd7-51155af4702f.dcm,1,Calc-Training_P_00157_LEFT_MLO,e21048db-c013-4c46-9dd7-51155af4702f,cancer_verdadeiro,AlizaMS RainbowB 1536,azul,roxo,,False,False,236.15845055300656,1.0,0.9557235437387069,0.004229125924777584,0.020299804438932402,0.0050304339947354415,0.07741526298092861,0.1205078302986623,0.31607151648337733,0.2928780995695971,0.1635679263089861
/media/angualberto/HD500_TRABALHO/cbis_ddsm/Calc-Training_P_00121_LEFT_CC/41034/45401/cff9714c-650f-408e-a271-2f7cdbd1b69b.dcm,1,Calc-Training_P_00121_LEFT_CC,cff9714c-650f-408e-a271-2f7cdbd1b69b,cancer_verdadeiro,AlizaMS RainbowB 1536,roxo,azul,,False,False,274.1364402701202,1.0,0.9685676794541558,0.004179186551946457,0.0005408359067224826,0.005506692868447096,0.00924337731489334,0.011996723749116887,0.14818903844196024,0.6738815397762133,0.14646260539069714
/media/angualberto/HD500_TRABALHO/cbis_ddsm/Calc-Training_P_00162_LEFT_CC/99050/36839/7335ce27-65c3-4176-bf5d-60c5422a348e.dcm,1,Calc-Training_P_00162_LEFT_CC,7335ce27-65c3-4176-bf5d-60c5422a348e,cancer_verdadeiro,AlizaMS RainbowB 1536,azul,ciano,,False,False,206.3143358060679,1.0,0.9873035645895296,0.03509096258555012,0.008477540572868017,0.006660924735824871,0.05268185927425125,0.1438759742938172,0.6281857564495201,0.08438180563065416,0.040645176457513615
/media/angualberto/HD500_TRABALHO/cbis_ddsm/Calc-Training_P_00007_LEFT_MLO/54887/00446/eb181cf5-3703-4280-b9e0-f38557614848.dcm,0,Calc-Training_P_00007_LEFT_MLO,eb181cf5-3703-4280-b9e0-f38557614848,sem_cancer,AlizaMS RainbowB 1536,azul,verde,,False,False,196.48084606328192,1.0,0.9832942548977737,0.029096937826276544,0.001750191748948965,0.0029378218643071915,0.25959094047803755,0.1993968456838285,0.35135099360150474,0.10541779945008677,0.05045846934700932
/media/angualberto/HD500_TRABALHO/cbis_ddsm/Calc-Training_P_00162_LEFT_MLO/27642/57715/136bb5aa-d0b2-482a-9b91-87bbbf699575.dcm,1,Calc-Training_P_00162_LEFT_MLO,136bb5aa-d0b2-482a-9b91-87bbbf699575,cancer_verdadeiro,AlizaMS RainbowB 1536,azul,ciano,,False,False,193.98305623392037,1.0,0.9883200396077567,0.043543152169095926,0.010160894928474292,0.036480091060278434,0.07682627872748855,0.23375014869602323,0.47738858294439096,0.0847319506352527,0.03711890083899542
/media/angualberto/HD500_TRABALHO/cbis_ddsm/Calc-Training_P_00188_RIGHT_MLO/53121/23604/32123844-0c07-49d4-be48-faa756300909.dcm,1,Calc-Training_P_00188_RIGHT_MLO,32123844-0c07-49d4-be48-faa756300909,cancer_verdadeiro,AlizaMS RainbowB 1536,azul,verde,,False,False,183.06372150080878,1.0,0.9744883472044397,0.0,0.0030530947248930294,0.08573420051794209,0.27068022691596666,0.2073353877139068,0.2850655290882104,0.07492459487034786,0.07320696616873343
/media/angualberto/HD500_TRABALHO/cbis_ddsm/Calc-Training_P_00008_LEFT_MLO/28663/97907/041dd79e-c66e-4c5a-93a8-acd3fb877cbd.dcm,0,Calc-Training_P_00008_LEFT_MLO,041dd79e-c66e-4c5a-93a8-acd3fb877cbd,sem_cancer,AlizaMS RainbowB 1536,azul,roxo,,False,False,221.27101370415073,1.0,0.985437215848994,2.4330113266695515e-05,0.0,0.00024330113266695513,0.0661779080854118,0.10615228418259252,0.6307095262125478,0.14668625288490725,0.05000639738860596
/media/angualberto/HD500_TRABALHO/cbis_ddsm/Calc-Training_P_00008_LEFT_MLO/28663/97907/041dd79e-c66e-4c5a-93a8-acd3fb877cbd.dcm,0,Calc-Training_P_00008_LEFT_MLO,041dd79e-c66e-4c5a-93a8-acd3fb877cbd,sem_cancer,AlizaMS RainbowB 1536,azul,roxo,,False,False,221.27101370415073,1.0,0.985437215848994,2.4330113266695515e-05,0.0,0.00024330113266695513,0.0661779080854118,0.10615228418259252,0.6307095262125478,0.14668625288490725,0.05000639738860596
/media/angualberto/HD500_TRABALHO/cbis_ddsm/Calc-Training_P_00008_LEFT_CC/64189/20834/beb4a6cf-b56b-4ce8-a0eb-6cc093b34d4e.dcm,0,Calc-Training_P_00008_LEFT_CC,beb4a6cf-b56b-4ce8-a0eb-6cc093b34d4e,sem_cancer,AlizaMS RainbowB 1536,ciano,azul,,False,False,202.4850512235861,1.0,0.9841993555955243,2.7952394988606963e-05,0.0176659136327996,0.004025144878359403,0.051963502283820344,0.4327869316086016,0.3709841862887916,0.07524784730932994,0.04729852160330999
/media/angualberto/HD500_TRABALHO/cbis_ddsm/Calc-Training_P_00008_LEFT_CC/64189/20834/beb4a6cf-b56b-4ce8-a0eb-6cc093b34d4e.dcm,0,Calc-Training_P_00008_LEFT_CC,beb4a6cf-b56b-4ce8-a0eb-6cc093b34d4e,sem_cancer,AlizaMS RainbowB 1536,ciano,azul,,False,False,202.48505122358608,1.0,0.9841993555955245,2.7952394988606963e-05,0.0176659136327996,0.004025144878359403,0.051963502283820344,0.4327869316086016,0.3709841862887916,0.07524784730932994,0.04729852160330999
/media/angualberto/HD500_TRABALHO/cbis_ddsm/Calc-Training_P_00008_LEFT_CC/64189/20834/beb4a6cf-b56b-4ce8-a0eb-6cc093b34d4e.dcm,0,Calc-Training_P_00008_LEFT_CC,beb4a6cf-b56b-4ce8-a0eb-6cc093b34d4e,sem_cancer,AlizaMS RainbowB 1536,ciano,azul,,False,False,202.4850512235861,1.0,0.9841993555955245,2.7952394988606963e-05,0.0176659136327996,0.004025144878359403,0.051963502283820344,0.4327869316086016,0.3709841862887916,0.07524784730932994,0.04729852160330999
/media/angualberto/HD500_TRABALHO/cbis_ddsm/Calc-Training_P_00189_LEFT_CC/84343/29766/ba3069f8-77be-46cb-9209-2026dd2a0786.dcm,1,Calc-Training_P_00189_LEFT_CC,ba3069f8-77be-46cb-9209-2026dd2a0786,cancer_verdadeiro,AlizaMS RainbowB 1536,verde,ciano,,False,False,165.13059885304494,1.0,0.9798450702925532,0.06098365084259582,0.0077248320067901735,0.032848253533460964,0.4155109179432182,0.18968360427682476,0.15116574927049026,0.08266987647633704,0.059413115650281664
/media/angualberto/HD500_TRABALHO/cbis_ddsm/Calc-Training_P_00007_LEFT_CC/72222/68297/d6536189-e9ad-49c7-8195-f4159f22ca3c.dcm,0,Calc-Training_P_00007_LEFT_CC,d6536189-e9ad-49c7-8195-f4159f22ca3c,sem_cancer,AlizaMS RainbowB 1536,verde,azul,,False,False,170.7233914756326,1.0,0.985833020631724,0.015268093829081066,0.004628788626915979,0.002867085492791241,0.5511021921926682,0.10345688013144297,0.15851873887251813,0.11651420924319103,0.047644011611391444
/media/angualberto/HD500_TRABALHO/cbis_ddsm/Calc-Training_P_00008_LEFT_MLO/28663/97907/041dd79e-c66e-4c5a-93a8-acd3fb877cbd.dcm,0,Calc-Training_P_00008_LEFT_MLO,041dd79e-c66e-4c5a-93a8-acd3fb877cbd,sem_cancer,AlizaMS RainbowB 1536,azul,roxo,,False,False,221.27101370415073,1.0,0.985437215848994,2.4330113266695515e-05,0.0,0.00024330113266695513,0.0661779080854118,0.10615228418259252,0.6307095262125478,0.14668625288490725,0.05000639738860596
/media/angualberto/HD500_TRABALHO/cbis_ddsm/Calc-Training_P_00157_LEFT_CC/49721/42941/17663d1d-7523-4f93-bade-be048fb3dc4f.dcm,1,Calc-Training_P_00157_LEFT_CC,17663d1d-7523-4f93-bade-be048fb3dc4f,cancer_verdadeiro,AlizaMS RainbowB 1536,roxo,azul,,False,False,244.59350917715258,1.0,0.9539524713974459,0.004497871632596757,0.0014233770989230243,0.001537247266836866,0.03911440267840471,0.1661365749862954,0.28000674290013733,0.30528592017701023,0.20199786325978902
/media/angualberto/HD500_TRABALHO/cbis_ddsm/Calc-Training_P_00157_LEFT_CC/49721/42941/17663d1d-7523-4f93-bade-be048fb3dc4f.dcm,1,Calc-Training_P_00157_LEFT_CC,17663d1d-7523-4f93-bade-be048fb3dc4f,cancer_verdadeiro,AlizaMS RainbowB 1536,roxo,azul,,False,False,244.59350917715247,1.0,0.9539524713974459,0.004497871632596755,0.0014233770989230238,0.0015372472668368658,0.03911440267840469,0.16613657498629533,0.2800067429001373,0.3052859201770102,0.20199786325978897
/media/angualberto/HD500_TRABALHO/cbis_ddsm/Calc-Training_P_00008_RIGHT_CC/64555/28729/c6b77d41-42e7-426e-bd2a-11049f8561d1.dcm,0,Calc-Training_P_00008_RIGHT_CC,c6b77d41-42e7-426e-bd2a-11049f8561d1,sem_cancer,AlizaMS RainbowB 1536,ciano,azul,,False,False,197.6900466317841,1.0,0.9872145855435855,0.0009302707068887433,0.010425447577201433,0.0025341857187658866,0.06925705021285505,0.5472558020524814,0.26066826773027335,0.06508687118197448,0.043842104819556915
/media/angualberto/HD500_TRABALHO/cbis_ddsm/Calc-Training_P_00008_RIGHT_CC/64555/28729/c6b77d41-42e7-426e-bd2a-11049f8561d1.dcm,0,Calc-Training_P_00008_RIGHT_CC,c6b77d41-42e7-426e-bd2a-11049f8561d1,sem_cancer,AlizaMS RainbowB 1536,ciano,azul,,False,False,197.69004663178413,1.0,0.9872145855435854,0.0009302707068887433,0.010425447577201433,0.0025341857187658866,0.06925705021285505,0.5472558020524814,0.26066826773027335,0.06508687118197448,0.043842104819556915
/media/angualberto/HD500_TRABALHO/cbis_ddsm/Calc-Training_P_00008_RIGHT_CC/64555/28729/c6b77d41-42e7-426e-bd2a-11049f8561d1.dcm,0,Calc-Training_P_00008_RIGHT_CC,c6b77d41-42e7-426e-bd2a-11049f8561d1,sem_cancer,AlizaMS RainbowB 1536,ciano,azul,,False,False,197.69004663178413,1.0,0.9872145855435854,0.0009302707068887433,0.010425447577201433,0.0025341857187658866,0.06925705021285505,0.5472558020524814,0.26066826773027335,0.06508687118197448,0.043842104819556915
/media/angualberto/HD500_TRABALHO/cbis_ddsm/Calc-Training_P_00008_RIGHT_CC/64555/28729/c6b77d41-42e7-426e-bd2a-11049f8561d1.dcm,0,Calc-Training_P_00008_RIGHT_CC,c6b77d41-42e7-426e-bd2a-11049f8561d1,sem_cancer,AlizaMS RainbowB 1536,ciano,azul,,False,False,197.69004663178416,1.0,0.9872145855435855,0.0009302707068887433,0.010425447577201433,0.0025341857187658866,0.06925705021285505,0.5472558020524814,0.26066826773027335,0.06508687118197448,0.043842104819556915
/media/angualberto/HD500_TRABALHO/cbis_ddsm/Calc-Training_P_00008_RIGHT_CC/64555/28729/c6b77d41-42e7-426e-bd2a-11049f8561d1.dcm,0,Calc-Training_P_00008_RIGHT_CC,c6b77d41-42e7-426e-bd2a-11049f8561d1,sem_cancer,AlizaMS RainbowB 1536,ciano,azul,,False,False,197.69004663178413,1.0,0.9872145855435854,0.0009302707068887433,0.010425447577201433,0.0025341857187658866,0.06925705021285505,0.5472558020524814,0.26066826773027335,0.06508687118197448,0.043842104819556915
/media/angualberto/HD500_TRABALHO/cbis_ddsm/Calc-Training_P_00011_LEFT_CC/68211/60014/09185cf0-1129-48ec-9067-d7172f229b17.dcm,0,Calc-Training_P_00011_LEFT_CC,09185cf0-1129-48ec-9067-d7172f229b17,sem_cancer,AlizaMS RainbowB 1536,verde,azul,,False,False,150.03691918703095,0.9999999999999999,0.9750305897320095,0.06928000561873293,0.025117278203512887,0.1188156464583566,0.37457506190456175,0.1112149396628588,0.14371451354705633,0.08723339925637431,0.07004915534854549
/media/angualberto/HD500_TRABALHO/cbis_ddsm/Calc-Training_P_00008_RIGHT_MLO/21704/32980/08cd2dc1-64db-4a62-a98a-9363c58ac880.dcm,0,Calc-Training_P_00008_RIGHT_MLO,08cd2dc1-64db-4a62-a98a-9363c58ac880,sem_cancer,AlizaMS RainbowB 1536,azul,roxo,,False,False,215.72190076158515,1.0,0.9761460481342662,0.004287570466739876,0.012358291345309054,0.004716327513413864,0.11266221926427662,0.09692431355106673,0.5656062075712263,0.13415051360346705,0.06929455668450038
/media/angualberto/HD500_TRABALHO/cbis_ddsm/Calc-Training_P_00008_RIGHT_MLO/21704/32980/08cd2dc1-64db-4a62-a98a-9363c58ac880.dcm,0,Calc-Training_P_00008_RIGHT_MLO,08cd2dc1-64db-4a62-a98a-9363c58ac880,sem_cancer,AlizaMS RainbowB 1536,azul,roxo,,False,False,215.72190076158515,1.0,0.9761460481342662,0.004287570466739876,0.012358291345309054,0.004716327513413864,0.11266221926427662,0.09692431355106673,0.5656062075712263,0.13415051360346705,0.06929455668450037
/media/angualberto/HD500_TRABALHO/cbis_ddsm/Calc-Training_P_00008_RIGHT_MLO/21704/32980/08cd2dc1-64db-4a62-a98a-9363c58ac880.dcm,0,Calc-Training_P_00008_RIGHT_MLO,08cd2dc1-64db-4a62-a98a-9363c58ac880,sem_cancer,AlizaMS RainbowB 1536,azul,roxo,,False,False,215.72190076158515,1.0,0.9761460481342662,0.004287570466739876,0.012358291345309054,0.004716327513413864,0.11266221926427662,0.09692431355106673,0.5656062075712263,0.13415051360346705,0.06929455668450038
/media/angualberto/HD500_TRABALHO/cbis_ddsm/Calc-Training_P_00008_RIGHT_MLO/21704/32980/08cd2dc1-64db-4a62-a98a-9363c58ac880.dcm,0,Calc-Training_P_00008_RIGHT_MLO,08cd2dc1-64db-4a62-a98a-9363c58ac880,sem_cancer,AlizaMS RainbowB 1536,azul,roxo,,False,False,215.72190076158518,1.0,0.9761460481342663,0.004287570466739877,0.012358291345309056,0.004716327513413865,0.11266221926427664,0.09692431355106675,0.5656062075712264,0.13415051360346708,0.06929455668450038
/media/angualberto/HD500_TRABALHO/cbis_ddsm/Calc-Training_P_00008_RIGHT_MLO/21704/32980/08cd2dc1-64db-4a62-a98a-9363c58ac880.dcm,0,Calc-Training_P_00008_RIGHT_MLO,08cd2dc1-64db-4a62-a98a-9363c58ac880,sem_cancer,AlizaMS RainbowB 1536,azul,roxo,,False,False,215.72190076158518,1.0,0.9761460481342663,0.004287570466739877,0.012358291345309056,0.004716327513413865,0.11266221926427664,0.09692431355106675,0.5656062075712264,0.13415051360346708,0.06929455668450038
/media/angualberto/HD500_TRABALHO/cbis_ddsm/Calc-Training_P_00010_LEFT_CC/00045/40031/ca591583-a4ce-4fa2-abe3-cc284c456e13.dcm,0,Calc-Training_P_00010_LEFT_CC,ca591583-a4ce-4fa2-abe3-cc284c456e13,sem_cancer,AlizaMS RainbowB 1536,azul,verde,,False,False,196.88274657296162,1.0,0.9755451085987155,0.007891974489681505,8.934310743035667e-05,0.011316793607845177,0.2763680123179033,0.1664462091427545,0.3563598745038826,0.10301260286720124,0.07851518996330031
/media/angualberto/HD500_TRABALHO/cbis_ddsm/Calc-Training_P_00010_LEFT_MLO/11153/86942/48d5d6a9-cfcd-44e5-be92-ac43c6a82c53.dcm,0,Calc-Training_P_00010_LEFT_MLO,48d5d6a9-cfcd-44e5-be92-ac43c6a82c53,sem_cancer,AlizaMS RainbowB 1536,azul,verde,,False,False,195.60956116695283,1.0,0.9806640797347351,0.0004167688158862467,0.0009070850698700664,0.002868350085805345,0.32230938955626387,0.14974258396665852,0.34817357195391035,0.11833782789899487,0.0572444226526109
/media/angualberto/HD500_TRABALHO/cbis_ddsm/Calc-Training_P_00011_LEFT_MLO/51459/41286/62bb0bf2-0c23-481e-9d38-93a11d35c637.dcm,0,Calc-Training_P_00011_LEFT_MLO,62bb0bf2-0c23-481e-9d38-93a11d35c637,sem_cancer,AlizaMS RainbowB 1536,verde,azul,,False,False,175.31299617916847,1.0,0.9803477179174366,0.052568974975027064,0.007582063698321212,0.0069081024806926595,0.3752279079146964,0.18668725728310895,0.20916386389102115,0.10220621865336993,0.05965561110376207
/media/angualberto/HD500_TRABALHO/cbis_ddsm/Calc-Training_P_00022_LEFT_CC/54112/58310/08c23693-7393-4bbb-8b0f-f650fcd8ff54.dcm,0,Calc-Training_P_00022_LEFT_CC,08c23693-7393-4bbb-8b0f-f650fcd8ff54,sem_cancer,AlizaMS RainbowB 1536,verde,azul,,False,False,192.72346759482042,1.0,0.9717467560045353,0.003693216791825678,0.0002098418631719135,0.007176591720479442,0.35681510413752177,0.1468053674750707,0.28891027721509055,0.10836233814197614,0.08802726265486323
/media/angualberto/HD500_TRABALHO/cbis_ddsm/Calc-Training_P_00022_LEFT_MLO/92931/77522/d63f9b28-1fd3-4c74-a157-905d7745051a.dcm,0,Calc-Training_P_00022_LEFT_MLO,d63f9b28-1fd3-4c74-a157-905d7745051a,sem_cancer,AlizaMS RainbowB 1536,verde,azul,,False,False,151.28872207835653,1.0,0.9782011939863074,0.019210953603180047,0.0028232313572240948,0.06636216236233648,0.5847658512319331,0.0797643985753658,0.10825631962873081,0.07723322563440627,0.06158385760682373
/media/angualberto/HD500_TRABALHO/cbis_ddsm/Calc-Training_P_00024_LEFT_MLO/13996/09447/8beca086-b0b6-4ea4-bf65-ad1c57a6eec0.dcm,0,Calc-Training_P_00024_LEFT_MLO,8beca086-b0b6-4ea4-bf65-ad1c57a6eec0,sem_cancer,AlizaMS RainbowB 1536,verde,ciano,,False,False,160.81068589652355,1.0,0.9885211802186424,0.04390302115686184,0.007607743738373172,0.005610711007050215,0.5658576394737479,0.13995078585382315,0.1076812728302236,0.08977137611280343,0.0396174498271165
/media/angualberto/HD500_TRABALHO/cbis_ddsm/Calc-Training_P_00013_RIGHT_MLO/25255/58727/66059eb1-be93-4050-91bb-1223b6c3b2ba.dcm,0,Calc-Training_P_00013_RIGHT_MLO,66059eb1-be93-4050-91bb-1223b6c3b2ba,sem_cancer,AlizaMS RainbowB 1536,verde,azul,,False,False,192.09115793126276,0.9999999999999999,0.9682765779521074,0.018280057639389353,0.007274396865074322,0.008779444492331078,0.362841898804483,0.12338255027615283,0.25087262636836055,0.1353915761353057,0.09317744941890277
/media/angualberto/HD500_TRABALHO/cbis_ddsm/Calc-Training_P_00030_LEFT_MLO/95489/76403/398b2aab-a605-45c5-a0bf-bc47ef8a3f0e.dcm,0,Calc-Training_P_00030_LEFT_MLO,398b2aab-a605-45c5-a0bf-bc47ef8a3f0e,sem_cancer,AlizaMS RainbowB 1536,verde,ciano,,False,False,170.11151533909674,1.0,0.9810393708011982,0.0010032839516535162,0.004556581280426387,0.007566433135386935,0.5344159182474397,0.21574785310349157,0.12365474704129588,0.06421017290582504,0.04884501033448044
/media/angualberto/HD500_TRABALHO/cbis_ddsm/Calc-Training_P_00030_LEFT_MLO/95489/76403/398b2aab-a605-45c5-a0bf-bc47ef8a3f0e.dcm,0,Calc-Training_P_00030_LEFT_MLO,398b2aab-a605-45c5-a0bf-bc47ef8a3f0e,sem_cancer,AlizaMS RainbowB 1536,verde,ciano,,False,False,170.11151533909677,1.0,0.9810393708011982,0.0010032839516535162,0.004556581280426387,0.007566433135386935,0.5344159182474397,0.21574785310349157,0.12365474704129588,0.06421017290582504,0.04884501033448044
/media/angualberto/HD500_TRABALHO/cbis_ddsm/Calc-Training_P_00024_LEFT_CC/95089/63885/f8e9b18b-1cfe-4a01-b1bf-7bd2b084db92.dcm,0,Calc-Training_P_00024_LEFT_CC,f8e9b18b-1cfe-4a01-b1bf-7bd2b084db92,sem_cancer,AlizaMS RainbowB 1536,verde,roxo,,False,False,194.2590412814994,1.0,0.9829757433447975,0.06354804697476177,0.002385073009867013,0.0025871978412116753,0.30585529479074275,0.12875351756654976,0.20503542891602528,0.20915877547545636,0.08267666542538214
/media/angualberto/HD500_TRABALHO/cbis_ddsm/Calc-Training_P_00019_RIGHT_CC/84889/40915/9c93994e-2cf0-41f9-895e-351f0b4f2062.dcm,0,Calc-Training_P_00019_RIGHT_CC,9c93994e-2cf0-41f9-895e-351f0b4f2062,sem_cancer,AlizaMS RainbowB 1536,azul,verde,,False,False,180.78719560553765,1.0,0.986273424194322,0.01897478870422945,0.007666230902440051,0.029242681677633317,0.28868042339414524,0.2157991965795455,0.3259015354227343,0.07041832005408734,0.043316823265184504
/media/angualberto/HD500_TRABALHO/cbis_ddsm/Calc-Training_P_00019_RIGHT_MLO/35937/71318/c5217647-ad14-4146-9435-25ec37aceb23.dcm,0,Calc-Training_P_00019_RIGHT_MLO,c5217647-ad14-4146-9435-25ec37aceb23,sem_cancer,AlizaMS RainbowB 1536,verde,azul,,False,False,151.39702643569422,1.0,0.9850552830257868,0.07313863395120117,0.07839183461263509,0.09133528778874547,0.25407619487749744,0.15136799844028676,0.25255980705770203,0.05315480875461232,0.0459754345173193
/media/angualberto/HD500_TRABALHO/cbis_ddsm/Calc-Training_P_00028_LEFT_MLO/75937/56433/06e7b646-c3a8-4dd4-958b-f8e3d7ce1a87.dcm,0,Calc-Training_P_00028_LEFT_MLO,06e7b646-c3a8-4dd4-958b-f8e3d7ce1a87,sem_cancer,AlizaMS RainbowB 1536,verde,vermelho,,False,False,133.01532520711487,0.9999999999999999,0.9849337352770334,0.1190856708449596,0.004826921914009516,0.03706039375588514,0.5543833202311735,0.08218725433451102,0.10635425935364591,0.05095804141434207,0.04514413815147245
/media/angualberto/HD500_TRABALHO/cbis_ddsm/Calc-Training_P_00030_RIGHT_CC/34303/34342/466f26ef-c6bc-4e23-a481-bc9378c21929.dcm,0,Calc-Training_P_00030_RIGHT_CC,466f26ef-c6bc-4e23-a481-bc9378c21929,sem_cancer,AlizaMS RainbowB 1536,ciano,azul,,False,False,195.4204080860249,1.0,0.9424631209725601,0.012283353217799857,0.03827580600903706,0.013489753980262344,0.1552966799678982,0.3895029370805017,0.19203706682471028,0.06311669443610551,0.13599770848368561
/media/angualberto/HD500_TRABALHO/cbis_ddsm/Calc-Training_P_00030_RIGHT_MLO/21014/91077/e685f7bd-5e53-413d-9020-4f2db31894e7.dcm,0,Calc-Training_P_00030_RIGHT_MLO,e685f7bd-5e53-413d-9020-4f2db31894e7,sem_cancer,AlizaMS RainbowB 1536,verde,ciano,,False,False,177.2806490445209,1.0,0.9586386713563002,0.020016546147302812,0.013038300701454125,0.008006618458921123,0.40778662729083137,0.22627879048354607,0.1742724981081685,0.059204903466884645,0.09139571534289358
/media/angualberto/HD500_TRABALHO/cbis_ddsm/Calc-Training_P_00048_RIGHT_CC/64703/96054/67ccecd1-c2e6-4b76-a171-e645b5c8ee8f.dcm,0,Calc-Training_P_00048_RIGHT_CC,67ccecd1-c2e6-4b76-a171-e645b5c8ee8f,sem_cancer,AlizaMS RainbowB 1536,ciano,azul,,False,False,204.7703107824523,0.9999999999999999,0.9748823862511927,0.00029979014689717213,0.01161686819226542,0.004421904666733289,0.040584091136204675,0.4752798041371043,0.32010092934945555,0.08199260517637658,0.06570400719496355
/media/angualberto/HD500_TRABALHO/cbis_ddsm/Calc-Training_P_00048_RIGHT_CC/64703/96054/67ccecd1-c2e6-4b76-a171-e645b5c8ee8f.dcm,0,Calc-Training_P_00048_RIGHT_CC,67ccecd1-c2e6-4b76-a171-e645b5c8ee8f,sem_cancer,AlizaMS RainbowB 1536,ciano,azul,,False,False,204.7703107824523,0.9999999999999999,0.9748823862511927,0.00029979014689717213,0.01161686819226542,0.004421904666733289,0.040584091136204675,0.4752798041371043,0.32010092934945555,0.08199260517637658,0.06570400719496355
/media/angualberto/HD500_TRABALHO/cbis_ddsm/Calc-Training_P_00030_LEFT_CC/40023/03429/3ee0d0e8-132b-4685-b58b-65955e08347f.dcm,0,Calc-Training_P_00030_LEFT_CC,3ee0d0e8-132b-4685-b58b-65955e08347f,sem_cancer,AlizaMS RainbowB 1536,ciano,azul,,False,False,199.1312386792269,0.9999999999999999,0.9692557477497196,0.014051719281482845,0.007841361206184623,0.004767547613360251,0.12188611858893379,0.43717156996720513,0.24352131361926968,0.09008155753664895,0.08067881218691444
/media/angualberto/HD500_TRABALHO/cbis_ddsm/Calc-Training_P_00030_LEFT_CC/40023/03429/3ee0d0e8-132b-4685-b58b-65955e08347f.dcm,0,Calc-Training_P_00030_LEFT_CC,3ee0d0e8-132b-4685-b58b-65955e08347f,sem_cancer,AlizaMS RainbowB 1536,ciano,azul,,False,False,199.1312386792269,0.9999999999999999,0.9692557477497196,0.014051719281482845,0.007841361206184623,0.004767547613360251,0.12188611858893379,0.43717156996720513,0.24352131361926968,0.09008155753664895,0.08067881218691444
/media/angualberto/HD500_TRABALHO/cbis_ddsm/Calc-Training_P_00060_RIGHT_CC/31839/76395/fbe8928b-48d9-4c44-8f18-a48b7631b3d1.dcm,0,Calc-Training_P_00060_RIGHT_CC,fbe8928b-48d9-4c44-8f18-a48b7631b3d1,sem_cancer,AlizaMS RainbowB 1536,azul,roxo,,False,False,226.68841422976834,1.0,0.9656615945346272,0.0,0.0,0.0,0.15737328066830925,0.1439095057944614,0.3137108863463225,0.2820981402139545,0.10290818697695275
/media/angualberto/HD500_TRABALHO/cbis_ddsm/Calc-Training_P_00060_RIGHT_MLO/93043/71693/8ca1e479-e723-40f1-a7cd-c80d40620f67.dcm,0,Calc-Training_P_00060_RIGHT_MLO,8ca1e479-e723-40f1-a7cd-c80d40620f67,sem_cancer,AlizaMS RainbowB 1536,azul,verde,,False,False,207.98069313279183,1.0,0.9700521452134545,0.0,0.0076496963479312325,0.002773744858982699,0.25223559828159514,0.18151970303468884,0.29544762345311504,0.17010355314140216,0.09027008088228569
/media/angualberto/HD500_TRABALHO/cbis_ddsm/Calc-Training_P_00048_RIGHT_MLO/20948/39853/1f2f0e4d-96df-466d-8aee-63d1d6a677e6.dcm,0,Calc-Training_P_00048_RIGHT_MLO,1f2f0e4d-96df-466d-8aee-63d1d6a677e6,sem_cancer,AlizaMS RainbowB 1536,azul,roxo,,False,False,214.61972889272482,1.0,0.9680469101282178,0.0004808564030780612,0.015239449082166248,0.016608040383234577,0.21146585049209815,0.044571689669927986,0.39644760986082,0.2140180883238202,0.1011684157848549
/media/angualberto/HD500_TRABALHO/cbis_ddsm/Calc-Training_P_00048_RIGHT_MLO/20948/39853/1f2f0e4d-96df-466d-8aee-63d1d6a677e6.dcm,0,Calc-Training_P_00048_RIGHT_MLO,1f2f0e4d-96df-466d-8aee-63d1d6a677e6,sem_cancer,AlizaMS RainbowB 1536,azul,roxo,,False,False,214.61972889272482,1.0,0.9680469101282175,0.00048085640307806115,0.015239449082166245,0.016608040383234574,0.21146585049209812,0.04457168966992797,0.39644760986081995,0.21401808832382013,0.10116841578485487
/media/angualberto/HD500_TRABALHO/cbis_ddsm/Calc-Training_P_00062_LEFT_CC/38646/72569/65557aee-fc65-443c-861d-ac30f789ad5b.dcm,0,Calc-Training_P_00062_LEFT_CC,65557aee-fc65-443c-861d-ac30f789ad5b,sem_cancer,AlizaMS RainbowB 1536,verde,azul,,False,False,166.89016905349584,0.9999999999999999,0.9676342560754302,0.008126663293218202,0.006236741597120946,0.025230454642898373,0.5245005187093911,0.10767828863514119,0.13999594963840428,0.09218093072714369,0.0960504527566824
/media/angualberto/HD500_TRABALHO/cbis_ddsm/Calc-Training_P_00062_LEFT_MLO/99698/76069/5b196256-7491-4ca0-8b1d-bfa9074df57e.dcm,0,Calc-Training_P_00062_LEFT_MLO,5b196256-7491-4ca0-8b1d-bfa9074df57e,sem_cancer,AlizaMS RainbowB 1536,verde,azul,,False,False,164.03485694255465,1.0,0.962201850405151,0.0012669426814229366,0.023460283445659206,0.05360478172779115,0.5144224163363821,0.09550126557208757,0.1204469300925185,0.08663266680212701,0.10466471334201151
/media/angualberto/HD500_TRABALHO/cbis_ddsm/Calc-Training_P_00071_RIGHT_MLO/85378/73776/9cbd4b6f-f40b-4dfa-a0bd-f98f29d970da.dcm,0,Calc-Training_P_00071_RIGHT_MLO,9cbd4b6f-f40b-4dfa-a0bd-f98f29d970da,sem_cancer,AlizaMS RainbowB 1536,azul,verde,,False,False,206.7386175040967,1.0,0.9778575652119358,0.0,0.005112819394296966,0.00866956332076442,0.16810060982466807,0.14058030369362615,0.5043018294740043,0.10256760297950522,0.07066727131313405
/media/angualberto/HD500_TRABALHO/cbis_ddsm/Calc-Training_P_00071_RIGHT_CC/98655/50674/1ff3a1d1-ec57-490f-b135-b00cdc4d854c.dcm,0,Calc-Training_P_00071_RIGHT_CC,1ff3a1d1-ec57-490f-b135-b00cdc4d854c,sem_cancer,AlizaMS RainbowB 1536,azul,ciano,,False,False,208.12006227130917,1.0,0.9729504093274602,0.0,0.0,0.0,0.09820295788718837,0.32007131168138653,0.42159545713637764,0.0837460237685174,0.0763842495265296
/media/angualberto/HD500_TRABALHO/cbis_ddsm/Calc-Training_P_00091_LEFT_MLO/82150/79039/e8d9bfeb-1509-4407-b98d-34337c016501.dcm,0,Calc-Training_P_00091_LEFT_MLO,e8d9bfeb-1509-4407-b98d-34337c016501,sem_cancer,AlizaMS RainbowB 1536,azul,verde,,False,False,194.30803429511337,1.0,0.974762119793884,0.00033620649495280045,0.025887900111365634,0.07280738429588979,0.1868187423621061,0.09290506143862386,0.4356862611816124,0.11038779917616948,0.07517064493927919
/media/angualberto/HD500_TRABALHO/cbis_ddsm/Calc-Training_P_00098_LEFT_CC/52223/56677/fcd8f1ec-b189-45c6-8cef-678c9b0afdad.dcm,0,Calc-Training_P_00098_LEFT_CC,fcd8f1ec-b189-45c6-8cef-678c9b0afdad,sem_cancer,AlizaMS RainbowB 1536,azul,roxo,,False,False,237.735019338431,1.0,0.9792642968808114,0.01111667448668312,0.00012171541408777139,0.00024343082817554278,0.005396050024557865,0.13680812543465504,0.46572374610450923,0.2964987487178111,0.0840915089895185
/media/angualberto/HD500_TRABALHO/cbis_ddsm/Calc-Training_P_00083_RIGHT_CC/66791/96600/3b6ef8aa-c843-4550-becc-9a29a9c50737.dcm,0,Calc-Training_P_00083_RIGHT_CC,3b6ef8aa-c843-4550-becc-9a29a9c50737,sem_cancer,AlizaMS RainbowB 1536,azul,ciano,,False,False,198.76277264927265,1.0,0.9762152547466801,0.0670510416027332,0.005533832800630638,0.004209786915817173,0.08626668187976964,0.16221259583689074,0.5145446007752021,0.08806602628733666,0.07211543390161902
/media/angualberto/HD500_TRABALHO/cbis_ddsm/Calc-Training_P_00091_LEFT_CC/86230/72143/b841ca7a-3ff7-4196-bf20-89d95dec3ed6.dcm,0,Calc-Training_P_00091_LEFT_CC,b841ca7a-3ff7-4196-bf20-89d95dec3ed6,sem_cancer,AlizaMS RainbowB 1536,roxo,azul,,False,False,239.96929317804037,1.0,0.9676010870636201,0.00042379070537423814,0.0005650542738323174,0.007486969128278207,0.1110331648080504,0.10792536630197264,0.23058923157973824,0.4398005764661538,0.10217584673659906
