image_path,cancer,patient_id,image_id,classe,lut,cor_predominante,segunda_cor,filtered_path,monochrome1_inverted,windowing_applied,hue_medio_graus,saturacao_media,brilho_medio,freq_vermelho,freq_laranja,freq_amarelo,freq_verde,freq_ciano,freq_azul,freq_roxo,freq_rosa,y,hue_medio,score_vnn,score_cnn,score_hybrid,attention_max,attention_entropy,attention_concentration,gradiente_medio,gradiente_top,entropia_local,wavelet_high,fft_high,high_low_ratio,magenta_ratio,roxo_menos_azul,magenta_minus_cold,tendencia_cancer,classe_fuzzy,regras_ativas,explicacao
/media/angualberto/HD500_TRABALHO/cbis_ddsm/Calc-Training_P_00012_LEFT_CC/44292/14995/363998aa-c374-4d35-9463-9854aec59553.dcm,1,Calc-Training_P_00012_LEFT_CC,363998aa-c374-4d35-9463-9854aec59553,cancer_verdadeiro,AlizaMS RainbowB 1536,azul,ciano,,False,False,217.3030478945825,1.0,0.9776706494830693,0.0001344531434749,0.0001344531434749,3.361328586873738e-05,0.1315624008902381,0.2033267662199924,0.4318298835556691,0.1675958433415245,0.065382586419758,1,217.3030478945825,,,,,,,,,,,,,0.41352789531922035,-0.2642340402141446,-0.5337406209046172,0.5,intermediaria,[],Tendencia intermediaria (0.500); nenhuma regra apresentou ativacao relevante.
/media/angualberto/HD500_TRABALHO/cbis_ddsm/Calc-Training_P_00016_LEFT_CC/22221/74118/d628fcbd-1663-4ebc-916d-3fe1b4510474.dcm,1,Calc-Training_P_00016_LEFT_CC,d628fcbd-1663-4ebc-916d-3fe1b4510474,cancer_verdadeiro,AlizaMS RainbowB 1536,verde,azul,,False,False,180.81676448114968,1.0,0.9792987470331828,0.0294613971484774,0.0027084586496724,0.0021557119864739,0.4414787598966037,0.1565931296841214,0.2117019720050071,0.0949066020711742,0.0609939685584691,1,180.81676448114968,,,,,,,,,,,,,0.2386790678729575,-0.1167953699338329,-0.6538732909560889,0.5,intermediaria,[],Tendencia intermediaria (0.500); nenhuma regra apresentou ativacao relevante.
/media/angualberto/HD500_TRABALHO/cbis_ddsm/Calc-Training_P_00020_LEFT_MLO/49334/93765/b7ba52c6-946d-4b72-a08e-82fcdc75b912.dcm,1,Calc-Training_P_00020_LEFT_MLO,b7ba52c6-946d-4b72-a08e-82fcdc75b912,cancer_verdadeiro,AlizaMS RainbowB 1536,azul,verde,,False,False,207.0609567447366,1.0,0.9656694324480884,0.0002893758767568,0.0042924088385605,0.0016880259477485,0.2399890604570508,0.1917115183514423,0.343055101895298,0.1232741234984369,0.0957003851347043,1,207.0609567447366,,,,,,,,,,,,,0.3755710442137979,-0.21978097839686106,-0.5557811720706498,0.5,intermediaria,[],Tendencia intermediaria (0.500); nenhuma regra apresentou ativacao relevante.
/media/angualberto/HD500_TRABALHO/cbis_ddsm/Calc-Training_P_00016_LEFT_MLO/62962/59315/611ab269-f9c7-46ae-b960-e204788d370d.dcm,1,Calc-Training_P_00016_LEFT_MLO,611ab269-f9c7-46ae-b960-e204788d370d,cancer_verdadeiro,AlizaMS RainbowB 1536,verde,vermelho,,False,False,134.5936196151969,1.0,0.9850563614494012,0.1035080602915296,0.0273949904222233,0.0476465674357834,0.5488998863216797,0.0839708246188358,0.0878639849265572,0.0536470346990605,0.0470686512843296,1,134.5936196151969,,,,,,,,,,,,,0.1581680257774026,-0.0342169502274967,-0.6200190098836826,0.5,intermediaria,[],Tendencia intermediaria (0.500); nenhuma regra apresentou ativacao relevante.
/media/angualberto/HD500_TRABALHO/cbis_ddsm/Calc-Training_P_00020_LEFT_CC/55320/59268/3e76b486-3ed0-448f-8843-134d1b03d82a.dcm,1,Calc-Training_P_00020_LEFT_CC,3e76b486-3ed0-448f-8843-134d1b03d82a,cancer_verdadeiro,AlizaMS RainbowB 1536,verde,azul,,False,False,195.81805611451097,1.0,0.9658696565628202,0.0023159198487386,0.0312649179579717,0.0033291347825618,0.3122873171033518,0.1710162063302944,0.2569947307147167,0.1314284514159181,0.0913633218464465,1,195.81805611451097,,,,,,,,,,,,,0.3913556912653736,-0.12556627929879857,-0.5175064808859984,0.5,intermediaria,[],Tendencia intermediaria (0.500); nenhuma regra apresentou ativacao relevante.
/media/angualberto/HD500_TRABALHO/cbis_ddsm/Calc-Training_P_00012_LEFT_MLO/83789/47069/7d6b2890-23a9-42a7-bf88-1b53498ab724.dcm,1,Calc-Training_P_00012_LEFT_MLO,7d6b2890-23a9-42a7-bf88-1b53498ab724,cancer_verdadeiro,AlizaMS RainbowB 1536,verde,azul,,False,False,192.56991371154837,1.0,0.9792676312782136,9.417314440436098e-05,0.0079733262262358,0.0031391048134786,0.323924225702867,0.2032884277208805,0.3182110549423357,0.080894731043346,0.0624749564064512,1,192.56991371154837,,,,,,,,,,,,,0.22327021974721656,-0.2373163238989897,-0.7020540209162861,0.5,intermediaria,[],Tendencia intermediaria (0.500); nenhuma regra apresentou ativacao relevante.
/media/angualberto/HD500_TRABALHO/cbis_ddsm/Calc-Training_P_00005_RIGHT_CC/23157/38548/6ab0591c-34da-4eb8-a484-d097ea0a4789.dcm,1,Calc-Training_P_00005_RIGHT_CC,6ab0591c-34da-4eb8-a484-d097ea0a4789,cancer_verdadeiro,AlizaMS RainbowB 1536,roxo,azul,,False,False,231.6237673942299,1.0,0.976969421219389,0.0001190040434929,0.0001190040434929,0.0008726963189482,0.1511748032505371,0.1181313471739962,0.2887831455428786,0.3595112153921853,0.0812887842344688,1,231.6237673942299,,,,,,,,,,,,,1.0019139120372949,0.07072806984930669,-0.1172892963407578,0.5,intermediaria,[],Tendencia intermediaria (0.500); nenhuma regra apresentou ativacao relevante.
/media/angualberto/HD500_TRABALHO/cbis_ddsm/Calc-Training_P_00014_LEFT_CC/71473/63410/4cfb0584-1104-4c08-aab0-e9a96d532f6c.dcm,1,Calc-Training_P_00014_LEFT_CC,4cfb0584-1104-4c08-aab0-e9a96d532f6c,cancer_verdadeiro,AlizaMS RainbowB 1536,roxo,verde,,False,False,222.6284551672125,1.0,0.9671347329408244,0.0024599880717533,0.0004341155420741,0.0002894103613827,0.2713704488565531,0.1067924233502326,0.1992107987517889,0.2717563293383968,0.1476864857278122,1,222.6284551672125,,,,,,,,,,,,,0.8913291982727141,0.07254553058660787,-0.15793085589236566,0.5,intermediaria,[],Tendencia intermediaria (0.500); nenhuma regra apresentou ativacao relevante.
/media/angualberto/HD500_TRABALHO/cbis_ddsm/Calc-Training_P_00043_LEFT_MLO/89761/92769/271fa1f1-f4a8-430a-948b-d05b82b35f15.dcm,1,Calc-Training_P_00043_LEFT_MLO,271fa1f1-f4a8-430a-948b-d05b82b35f15,cancer_verdadeiro,AlizaMS RainbowB 1536,ciano,verde,,False,False,157.47211774024203,1.0,0.9781754481011028,0.0259592182578422,0.0685148004199745,0.1395660262668311,0.2226731013649173,0.2975133084050175,0.1199009007349554,0.0632540662012562,0.0626185783492051,1,157.47211774024203,,,,,,,,,,,,,0.3674319712079178,-0.0566468345336992,-0.5142146659544289,0.5,intermediaria,[],Tendencia intermediaria (0.500); nenhuma regra apresentou ativacao relevante.
/media/angualberto/HD500_TRABALHO/cbis_ddsm/Calc-Training_P_00029_LEFT_MLO/17161/62911/4292106a-2cc6-4dc5-bec8-dbf9b15a0a35.dcm,1,Calc-Training_P_00029_LEFT_MLO,4292106a-2cc6-4dc5-bec8-dbf9b15a0a35,cancer_verdadeiro,AlizaMS RainbowB 1536,verde,azul,,False,False,168.20015423152697,1.0,0.9814483464514384,0.0011262311509065,0.0679405489639905,0.06780959185342,0.3523270102789517,0.1733086401290383,0.1948117976847192,0.08465067627279,0.0580255036661827,1,168.20015423152697,,,,,,,,,,,,,0.2607677891873615,-0.11016112141192921,-0.5777712681537366,0.5,intermediaria,[],Tendencia intermediaria (0.500); nenhuma regra apresentou ativacao relevante.
/media/angualberto/HD500_TRABALHO/cbis_ddsm/Calc-Training_P_00031_LEFT_CC/07797/01522/25090cb2-9be3-4b28-a316-6f876d1e9f19.dcm,1,Calc-Training_P_00031_LEFT_CC,25090cb2-9be3-4b28-a316-6f876d1e9f19,cancer_verdadeiro,AlizaMS RainbowB 1536,azul,roxo,,False,False,240.61033317834915,1.0,0.9277490810072068,0.0209467634000668,0.0015252497621407,0.0017286163970928,0.0206925551063766,0.1140886822081308,0.3868033396789035,0.2682914331605643,0.1859233602867227,1,240.61033317834915,,,,,,,,,,,,,1.1146487317133267,-0.1185119065183392,-0.06736978354612388,0.5,intermediaria,[],Tendencia intermediaria (0.500); nenhuma regra apresentou ativacao relevante.
/media/angualberto/HD500_TRABALHO/cbis_ddsm/Calc-Training_P_00005_RIGHT_MLO/33338/96727/8970edd3-807a-4f63-b7b5-5070195f86b8.dcm,1,Calc-Training_P_00005_RIGHT_MLO,8970edd3-807a-4f63-b7b5-5070195f86b8,cancer_verdadeiro,AlizaMS RainbowB 1536,verde,azul,,False,False,200.7859519585826,1.0,0.9779737570606676,0.001772677615635,0.0016249544809988,0.0014476867194352,0.326970386203887,0.1477822238901096,0.2929940652375483,0.152657087333106,0.0747509185192788,1,200.7859519585826,,,,,,,,,,,,,0.3668081317494467,-0.14033697790444227,-0.5403386694791601,0.5,intermediaria,[],Tendencia intermediaria (0.500); nenhuma regra apresentou ativacao relevante.
/media/angualberto/HD500_TRABALHO/cbis_ddsm/Calc-Training_P_00014_LEFT_MLO/14335/03717/3611aaec-343a-4139-b266-8fdee4968c8c.dcm,1,Calc-Training_P_00014_LEFT_MLO,3611aaec-343a-4139-b266-8fdee4968c8c,cancer_verdadeiro,AlizaMS RainbowB 1536,verde,ciano,,False,False,195.67694368497425,1.0,0.9755968773262282,0.0230198751466264,0.007509532441125,0.0021756589315409,0.277256148679109,0.2401646730236454,0.2266194416111487,0.1347504886631791,0.0885041815036237,1,195.67694368497425,,,,,,,,,,,,,0.44307497731225093,-0.0918689529479696,-0.5207855931471004,0.5,intermediaria,[],Tendencia intermediaria (0.500); nenhuma regra apresentou ativacao relevante.
/media/angualberto/HD500_TRABALHO/cbis_ddsm/Calc-Training_P_00029_LEFT_CC/95083/04086/b3bc0c7e-2388-4ae7-a574-5d8b5b049d57.dcm,1,Calc-Training_P_00029_LEFT_CC,b3bc0c7e-2388-4ae7-a574-5d8b5b049d57,cancer_verdadeiro,AlizaMS RainbowB 1536,azul,ciano,,False,False,209.2227989378219,1.0,0.9794314142332228,0.0463760968068603,0.0040253504887063,0.003112035671941,0.100092538622538,0.1717031855518767,0.4475919131643878,0.1630774345046488,0.0640214451890395,1,209.2227989378219,,,,,,,,,,,,,0.4146527709636577,-0.284514478659739,-0.4922887576451142,0.5,intermediaria,[],Tendencia intermediaria (0.500); nenhuma regra apresentou ativacao relevante.
/media/angualberto/HD500_TRABALHO/cbis_ddsm/Calc-Training_P_00047_LEFT_MLO/89501/08043/38da94ed-0bbb-44d2-95a7-025b322f1f23.dcm,1,Calc-Training_P_00047_LEFT_MLO,38da94ed-0bbb-44d2-95a7-025b322f1f23,cancer_verdadeiro,AlizaMS RainbowB 1536,verde,ciano,,False,False,171.73486913544517,1.0,0.9807305422606524,0.0105699995161161,0.0187075723653437,0.0837197032803679,0.3935666347025855,0.2073754298371079,0.1401962278915828,0.0860636780684606,0.0598007543384345,1,171.73486913544517,,,,,,,,,,,,,0.27327571829410297,-0.054132549823122184,-0.595273860024381,0.5,intermediaria,[],Tendencia intermediaria (0.500); nenhuma regra apresentou ativacao relevante.
/media/angualberto/HD500_TRABALHO/cbis_ddsm/Calc-Training_P_00047_LEFT_CC/73583/60300/c4c621e8-d6fc-4686-882d-238331b7f536.dcm,1,Calc-Training_P_00047_LEFT_CC,c4c621e8-d6fc-4686-882d-238331b7f536,cancer_verdadeiro,AlizaMS RainbowB 1536,verde,ciano,,False,False,175.7882015535341,1.0,0.9808297243546692,0.0042667214846756,0.0169560620040357,0.0116919251073579,0.5196534296530946,0.1755451125123697,0.1379757986602906,0.0777984021361638,0.0561125484420109,1,175.7882015535341,,,,,,,,,,,,,0.20362682006295021,-0.060177396524126806,-0.6992633902475802,0.5,intermediaria,[],Tendencia intermediaria (0.500); nenhuma regra apresentou ativacao relevante.
/media/angualberto/HD500_TRABALHO/cbis_ddsm/Calc-Training_P_00034_RIGHT_CC/88254/72169/7d05fbe0-ff1b-419f-b9c0-4ee6e76128e2.dcm,1,Calc-Training_P_00034_RIGHT_CC,7d05fbe0-ff1b-419f-b9c0-4ee6e76128e2,cancer_verdadeiro,AlizaMS RainbowB 1536,verde,azul,,False,False,148.63990736256775,1.0,0.9900557881025348,0.0160077453384605,0.0088340199323793,0.0505919935843713,0.6783086297723789,0.0793808741441467,0.0826388105731093,0.052565551228839,0.0316723754263142,1,148.63990736256775,,,,,,,,,,,,,0.11070137184493775,-0.030073259344270305,-0.7560903878344818,0.5,intermediaria,[],Tendencia intermediaria (0.500); nenhuma regra apresentou ativacao relevante.
/media/angualberto/HD500_TRABALHO/cbis_ddsm/Calc-Training_P_00034_RIGHT_MLO/33300/41211/65d0a61d-4551-4306-bb23-a51cb4662364.dcm,1,Calc-Training_P_00034_RIGHT_MLO,65d0a61d-4551-4306-bb23-a51cb4662364,cancer_verdadeiro,AlizaMS RainbowB 1536,verde,ciano,,False,False,135.56472666613865,1.0,0.9881263340938612,0.0835362952576119,0.0606069092681331,0.0857526201563563,0.4417053437090172,0.1516677643671611,0.0862177747647347,0.0543410030729175,0.0361722894040677,1,135.56472666613865,,,,,,,,,,,,,0.17145165194535603,-0.031876771691817206,-0.5890775903639278,0.5,intermediaria,[],Tendencia intermediaria (0.500); nenhuma regra apresentou ativacao relevante.
/media/angualberto/HD500_TRABALHO/cbis_ddsm/Calc-Training_P_00063_RIGHT_MLO/12475/61807/315c7d9a-5a0b-4fe4-801d-1a29d958fd77.dcm,1,Calc-Training_P_00063_RIGHT_MLO,315c7d9a-5a0b-4fe4-801d-1a29d958fd77,cancer_verdadeiro,AlizaMS RainbowB 1536,verde,azul,,False,False,153.98295304668946,1.0,0.9824296997958796,0.0251747560010551,0.0141453442363492,0.0628132418886836,0.5910379847006063,0.0856634133474016,0.1049525191242415,0.0631594566077551,0.0530532840939065,1,153.98295304668946,,,,,,,,,,,,,0.16697460438506428,-0.0417930625164864,-0.6654411764705879,0.5,intermediaria,[],Tendencia intermediaria (0.500); nenhuma regra apresentou ativacao relevante.
/media/angualberto/HD500_TRABALHO/cbis_ddsm/Calc-Training_P_00049_RIGHT_CC/71344/15938/de451e97-89d9-4f68-870d-454b5addf1ea.dcm,1,Calc-Training_P_00049_RIGHT_CC,de451e97-89d9-4f68-870d-454b5addf1ea,cancer_verdadeiro,AlizaMS RainbowB 1536,verde,ciano,,False,False,187.11419984906905,1.0,0.9668149778873434,0.0844885730818767,0.0113898076388043,0.0099164991880137,0.2453625227662819,0.2209962676185911,0.1808769451893699,0.1415509426951899,0.1054184418218713,1,187.11419984906905,,,,,,,,,,,,,0.5794146185181777,-0.03932600249418,-0.40026635105718167,0.5,intermediaria,[],Tendencia intermediaria (0.500); nenhuma regra apresentou ativacao relevante.
/media/angualberto/HD500_TRABALHO/cbis_ddsm/Calc-Training_P_00063_RIGHT_CC/04603/85124/5a41f27e-fc9e-450c-a043-560f4fab5e03.dcm,1,Calc-Training_P_00063_RIGHT_CC,5a41f27e-fc9e-450c-a043-560f4fab5e03,cancer_verdadeiro,AlizaMS RainbowB 1536,verde,ciano,,False,False,161.68833325579476,1.0,0.9860494482476752,0.0137655226511307,0.0028031609762302,0.0227256264858666,0.6642990949205659,0.1142788662273869,0.0875487240611913,0.0514079700462226,0.0431710346314048,1,161.68833325579476,,,,,,,,,,,,,0.12579540836836312,-0.0361407540149687,-0.7715476805315168,0.5,intermediaria,[],Tendencia intermediaria (0.500); nenhuma regra apresentou ativacao relevante.
/media/angualberto/HD500_TRABALHO/cbis_ddsm/Calc-Training_P_00049_RIGHT_MLO/75796/09467/f2a2d452-f7a3-4c7e-9f03-80852a4eafd0.dcm,1,Calc-Training_P_00049_RIGHT_MLO,f2a2d452-f7a3-4c7e-9f03-80852a4eafd0,cancer_verdadeiro,AlizaMS RainbowB 1536,verde,azul,,False,False,158.2649870100404,1.0,0.9801288663941752,0.0434296409632619,0.0170297735968955,0.0741427260965277,0.366326046892172,0.175540526530445,0.1761354531189828,0.0841077464545364,0.0632880863471784,1,158.2649870100404,,,,,,,,,,,,,0.2717166657569564,-0.09202770666444639,-0.570606193739885,0.5,intermediaria,[],Tendencia intermediaria (0.500); nenhuma regra apresentou ativacao relevante.
/media/angualberto/HD500_TRABALHO/cbis_ddsm/Calc-Training_P_00078_LEFT_CC/74864/74029/6350d6d3-b477-469b-8d61-a95063da5748.dcm,1,Calc-Training_P_00078_LEFT_CC,6350d6d3-b477-469b-8d61-a95063da5748,cancer_verdadeiro,AlizaMS RainbowB 1536,azul,roxo,,False,False,242.62121008505912,1.0,0.9784050479910732,0.0,0.0,0.0,0.0008760861386919,0.0449162624183226,0.5625820835231173,0.3213888304170755,0.0702367375027895,1,242.62121008505912,,,,,,,,,,,,,0.6950392807411561,-0.24119325310604184,-0.21674886416026684,0.5,intermediaria,[],Tendencia intermediaria (0.500); nenhuma regra apresentou ativacao relevante.
/media/angualberto/HD500_TRABALHO/cbis_ddsm/Calc-Training_P_00085_RIGHT_CC/72573/57000/494c335d-a91b-44a4-ab96-9e54ee524a84.dcm,1,Calc-Training_P_00085_RIGHT_CC,494c335d-a91b-44a4-ab96-9e54ee524a84,cancer_verdadeiro,AlizaMS RainbowB 1536,verde,azul,,False,False,146.86817796610163,1.0,0.97570206048521,0.0001906779661016,0.0127754237288135,0.0873305084745762,0.594152542372881,0.0620338983050847,0.1056991525423728,0.0690254237288135,0.0687923728813559,1,146.86817796610163,,,,,,,,,,,,,0.1969242850195785,-0.036673728813559306,-0.6240677966101691,0.5,intermediaria,[],Tendencia intermediaria (0.500); nenhuma regra apresentou ativacao relevante.
/media/angualberto/HD500_TRABALHO/cbis_ddsm/Calc-Training_P_00101_RIGHT_CC/84702/95050/0ec5674c-c5cd-4185-ab19-39edc2109ee6.dcm,1,Calc-Training_P_00101_RIGHT_CC,0ec5674c-c5cd-4185-ab19-39edc2109ee6,cancer_verdadeiro,AlizaMS RainbowB 1536,verde,rosa,,False,False,221.8214901479428,1.0,0.919094954923533,0.0009828382312509,0.0009360364107151,0.0004212163848218,0.264898304232391,0.1356784777331628,0.1918874641966083,0.169890608544802,0.2353050542662532,1,221.8214901479428,,,,,,,,,,,,,0.8870584023097755,-0.021996855651806285,-0.18726858335110685,0.5,intermediaria,[],Tendencia intermediaria (0.500); nenhuma regra apresentou ativacao relevante.
/media/angualberto/HD500_TRABALHO/cbis_ddsm/Calc-Training_P_00088_LEFT_MLO/60357/90172/988f9991-aa6f-4db1-9ad5-228ddab6fa97.dcm,1,Calc-Training_P_00088_LEFT_MLO,988f9991-aa6f-4db1-9ad5-228ddab6fa97,cancer_verdadeiro,AlizaMS RainbowB 1536,azul,roxo,,False,False,222.9573308191657,1.0,0.97863177164598,0.0003675167994811,0.0005206487992649,0.0007044071990055,0.1598391813743444,0.1343273902103611,0.4088624394227817,0.2150279540964307,0.0803504620983285,1,222.9573308191657,,,,,,,,,,,,,0.5193908373020474,-0.19383448532635103,-0.4076505948127281,0.5,intermediaria,[],Tendencia intermediaria (0.500); nenhuma regra apresentou ativacao relevante.
/media/angualberto/HD500_TRABALHO/cbis_ddsm/Calc-Training_P_00085_RIGHT_MLO/66505/96992/ae7feb47-9bf3-4723-9e32-ea6d6366a684.dcm,1,Calc-Training_P_00085_RIGHT_MLO,ae7feb47-9bf3-4723-9e32-ea6d6366a684,cancer_verdadeiro,AlizaMS RainbowB 1536,verde,amarelo,,False,False,154.98224531314443,1.0,0.9793721469315958,0.0001371329743496,0.0183301075714072,0.1351216907258851,0.4859535501038174,0.0846110451737528,0.1326532971875908,0.0804970559432624,0.0626961203199338,1,154.98224531314443,,,,,,,,,,,,,0.2314768654362684,-0.05215624124432841,-0.5600247162019649,0.5,intermediaria,[],Tendencia intermediaria (0.500); nenhuma regra apresentou ativacao relevante.
/media/angualberto/HD500_TRABALHO/cbis_ddsm/Calc-Training_P_00084_LEFT_CC/96706/00736/87403799-6631-48d0-88da-cfbddec01717.dcm,1,Calc-Training_P_00084_LEFT_CC,87403799-6631-48d0-88da-cfbddec01717,cancer_verdadeiro,AlizaMS RainbowB 1536,ciano,verde,,False,False,180.9121113086698,1.0,0.9835159332626288,0.0371748698469143,0.0067623199240296,0.0015027377608954,0.3019429515284988,0.3411572511937713,0.1808652233649202,0.0780708046255699,0.0525238417553997,1,180.9121113086698,,,,,,,,,,,,,0.2704897109600548,-0.1027944187393503,-0.6933707797062206,0.5,intermediaria,[],Tendencia intermediaria (0.500); nenhuma regra apresentou ativacao relevante.
/media/angualberto/HD500_TRABALHO/cbis_ddsm/Calc-Training_P_00084_LEFT_MLO/91993/67660/2385eb2e-4081-427d-8b46-7919d7c15367.dcm,1,Calc-Training_P_00084_LEFT_MLO,2385eb2e-4081-427d-8b46-7919d7c15367,cancer_verdadeiro,AlizaMS RainbowB 1536,verde,ciano,,False,False,166.94919466699886,1.0,0.988300471763249,0.0260458695479142,0.0033426423957795,0.0354854916735957,0.4410683494079037,0.2125385740932471,0.1713304786380768,0.0726556751146643,0.0375329191288176,1,166.94919466699886,,,,,,,,,,,,,0.17992946328093565,-0.0986748035234125,-0.7147488078957456,0.5,intermediaria,[],Tendencia intermediaria (0.500); nenhuma regra apresentou ativacao relevante.
/media/angualberto/HD500_TRABALHO/cbis_ddsm/Calc-Training_P_00136_LEFT_MLO/69745/19459/0026c10a-140b-40a5-8af1-a44930cd296b.dcm,1,Calc-Training_P_00136_LEFT_MLO,0026c10a-140b-40a5-8af1-a44930cd296b,cancer_verdadeiro,AlizaMS RainbowB 1536,verde,azul,,False,False,189.06424354443828,1.0,0.9650247873837609,0.0001189807594891,0.000674224303772,0.0043229675947736,0.4226196577055751,0.1506296415133046,0.2333212693582862,0.0994282546797932,0.0888850040850061,1,189.06424354443828,,,,,,,,,,,,,0.2870887424830224,-0.13389301467849302,-0.6182573098123666,0.5,intermediaria,[],Tendencia intermediaria (0.500); nenhuma regra apresentou ativacao relevante.
/media/angualberto/HD500_TRABALHO/cbis_ddsm/Calc-Training_P_00078_LEFT_MLO/94271/28597/ffd7c89f-2efd-4062-b3c0-7954186bee4f.dcm,1,Calc-Training_P_00078_LEFT_MLO,ffd7c89f-2efd-4062-b3c0-7954186bee4f,cancer_verdadeiro,AlizaMS RainbowB 1536,azul,roxo,,False,False,210.99803057408013,1.0,0.97666186175119,0.0131304210539952,0.0806862973936341,0.0504499333460543,0.061088654029462,0.0439827110358775,0.3838058469706212,0.2911089938580873,0.0757471423122671,1,210.99803057408013,,,,,,,,,,,,,0.82459128422532,-0.0926968531125339,-0.12202107586560629,0.5,intermediaria,[],Tendencia intermediaria (0.500); nenhuma regra apresentou ativacao relevante.
/media/angualberto/HD500_TRABALHO/cbis_ddsm/Calc-Training_P_00088_LEFT_CC/52407/67714/2310fa87-537b-481f-a107-0dbf43d2387d.dcm,1,Calc-Training_P_00088_LEFT_CC,2310fa87-537b-481f-a107-0dbf43d2387d,cancer_verdadeiro,AlizaMS RainbowB 1536,azul,verde,,False,False,161.8708875281257,1.0,0.9825821178742468,0.0,0.0388761083481127,0.2000933894553047,0.2502514737935352,0.1098375815343628,0.2522276160847979,0.0961123750750476,0.052601455708839,1,161.8708875281257,,,,,,,,,,,,,0.2959602316193751,-0.15611524100975027,-0.46360284062880935,0.5,intermediaria,[],Tendencia intermediaria (0.500); nenhuma regra apresentou ativacao relevante.
/media/angualberto/HD500_TRABALHO/cbis_ddsm/Calc-Training_P_00101_RIGHT_MLO/65078/10338/b882e071-e133-4a32-b0bf-fc40cde48bc7.dcm,1,Calc-Training_P_00101_RIGHT_MLO,b882e071-e133-4a32-b0bf-fc40cde48bc7,cancer_verdadeiro,AlizaMS RainbowB 1536,azul,verde,,False,False,219.9842366406476,1.0,0.9389798034037838,0.000507489685355,0.0065297006182351,0.0041614154199115,0.2301296559856767,0.133368289311311,0.2552673117335977,0.1766402431492529,0.1933958940966532,1,219.9842366406476,,,,,,,,,,,,,0.7623371265816032,-0.07862706858434479,-0.24872911978467926,0.5,intermediaria,[],Tendencia intermediaria (0.500); nenhuma regra apresentou ativacao relevante.
/media/angualberto/HD500_TRABALHO/cbis_ddsm/Calc-Training_P_00136_LEFT_CC/17032/19461/53264962-00c8-49aa-b462-e635fadb8da5.dcm,1,Calc-Training_P_00136_LEFT_CC,53264962-00c8-49aa-b462-e635fadb8da5,cancer_verdadeiro,AlizaMS RainbowB 1536,verde,azul,,False,False,186.64711690598253,1.0,0.9468902422355976,0.0003611408993343,0.005200428950414,0.0399421834663747,0.4091726389457741,0.1044419480874826,0.1656192164347149,0.1377391390061061,0.137523304209798,1,186.64711690598253,,,,,,,,,,,,,0.47889063815071825,-0.02788007742860879,-0.4039713602520675,0.5,intermediaria,[],Tendencia intermediaria (0.500); nenhuma regra apresentou ativacao relevante.
/media/angualberto/HD500_TRABALHO/cbis_ddsm/Calc-Training_P_00121_LEFT_MLO/43396/38149/801beb46-181c-4c39-87df-a348beea5601.dcm,1,Calc-Training_P_00121_LEFT_MLO,801beb46-181c-4c39-87df-a348beea5601,cancer_verdadeiro,AlizaMS RainbowB 1536,roxo,azul,,False,False,250.77594445742253,1.0,0.9738098156561668,0.0052897221833957,0.0030646803126023,0.0028547707021501,0.0300170742946665,0.0391271513882926,0.3293901607216142,0.4991650536553648,0.0910913867419112,1,250.77594445742253,,,,,,,,,,,,,1.6423053474354368,0.1697748929337506,0.1917220539927027,0.5,intermediaria,[],Tendencia intermediaria (0.500); nenhuma regra apresentou ativacao relevante.
/media/angualberto/HD500_TRABALHO/cbis_ddsm/Calc-Training_P_00157_LEFT_MLO/71220/74106/e21048db-c013-4c46-9dd7-51155af4702f.dcm,1,Calc-Training_P_00157_LEFT_MLO,e21048db-c013-4c46-9dd7-51155af4702f,cancer_verdadeiro,AlizaMS RainbowB 1536,azul,roxo,,False,False,236.15845055300656,1.0,0.9557235437387072,0.0042291259247775,0.0202998044389324,0.0050304339947354,0.0774152629809286,0.1205078302986623,0.3160715164833773,0.2928780995695971,0.1635679263089861,1,236.15845055300656,,,,,,,,,,,,,1.1600034311189715,-0.023193416913780185,-0.057548583884384996,0.5,intermediaria,[],Tendencia intermediaria (0.500); nenhuma regra apresentou ativacao relevante.
/media/angualberto/HD500_TRABALHO/cbis_ddsm/Calc-Training_P_00121_LEFT_CC/41034/45401/cff9714c-650f-408e-a271-2f7cdbd1b69b.dcm,1,Calc-Training_P_00121_LEFT_CC,cff9714c-650f-408e-a271-2f7cdbd1b69b,cancer_verdadeiro,AlizaMS RainbowB 1536,roxo,azul,,False,False,274.1364402701202,1.0,0.9685676794541558,0.0041791865519464,0.0005408359067224,0.005506692868447,0.0092433773148933,0.0119967237491168,0.1481890384419602,0.6738815397762133,0.1464626053906971,1,274.1364402701202,,,,,,,,,,,,,5.210769898406386,0.5256925013342532,0.6509150056609401,0.5,intermediaria,[],Tendencia intermediaria (0.500); nenhuma regra apresentou ativacao relevante.
/media/angualberto/HD500_TRABALHO/cbis_ddsm/Calc-Training_P_00162_LEFT_CC/99050/36839/7335ce27-65c3-4176-bf5d-60c5422a348e.dcm,1,Calc-Training_P_00162_LEFT_CC,7335ce27-65c3-4176-bf5d-60c5422a348e,cancer_verdadeiro,AlizaMS RainbowB 1536,azul,ciano,,False,False,206.3143358060679,1.0,0.9873035645895296,0.0350909625855501,0.008477540572868,0.0066609247358248,0.0526818592742512,0.1438759742938172,0.6281857564495201,0.0843818056306541,0.0406451764575136,1,206.3143358060679,,,,,,,,,,,,,0.1836289131169401,-0.543803950818866,-0.6997166079294208,0.5,intermediaria,[],Tendencia intermediaria (0.500); nenhuma regra apresentou ativacao relevante.
/media/angualberto/HD500_TRABALHO/cbis_ddsm/Calc-Training_P_00007_LEFT_MLO/54887/00446/eb181cf5-3703-4280-b9e0-f38557614848.dcm,0,Calc-Training_P_00007_LEFT_MLO,eb181cf5-3703-4280-b9e0-f38557614848,sem_cancer,AlizaMS RainbowB 1536,azul,verde,,False,False,196.48084606328192,1.0,0.9832942548977736,0.0290969378262765,0.0017501917489489,0.0029378218643071,0.2595909404780375,0.1993968456838285,0.3513509936015047,0.1054177994500867,0.0504584693470093,0,196.48084606328192,,,,,,,,,,,,,0.2551408858200797,-0.24593319415141798,-0.6544625109662747,0.5,intermediaria,[],Tendencia intermediaria (0.500); nenhuma regra apresentou ativacao relevante.
/media/angualberto/HD500_TRABALHO/cbis_ddsm/Calc-Training_P_00162_LEFT_MLO/27642/57715/136bb5aa-d0b2-482a-9b91-87bbbf699575.dcm,1,Calc-Training_P_00162_LEFT_MLO,136bb5aa-d0b2-482a-9b91-87bbbf699575,cancer_verdadeiro,AlizaMS RainbowB 1536,azul,ciano,,False,False,193.9830562339204,1.0,0.9883200396077568,0.0435431521690959,0.0101608949284742,0.0364800910602784,0.0768262787274885,0.2337501486960232,0.4773885829443909,0.0847319506352527,0.0371189008389954,1,193.9830562339204,,,,,,,,,,,,,0.21986211071288136,-0.3926566323091382,-0.6661141588936544,0.5,intermediaria,[],Tendencia intermediaria (0.500); nenhuma regra apresentou ativacao relevante.
/media/angualberto/HD500_TRABALHO/cbis_ddsm/Calc-Training_P_00188_RIGHT_MLO/53121/23604/32123844-0c07-49d4-be48-faa756300909.dcm,1,Calc-Training_P_00188_RIGHT_MLO,32123844-0c07-49d4-be48-faa756300909,cancer_verdadeiro,AlizaMS RainbowB 1536,azul,verde,,False,False,183.0637215008088,1.0,0.9744883472044396,0.0,0.003053094724893,0.085734200517942,0.2706802269159666,0.2073353877139068,0.2850655290882104,0.0749245948703478,0.0732069661687334,1,183.0637215008088,,,,,,,,,,,,,0.2665455503226773,-0.21014093421786262,-0.6149495826790026,0.5,intermediaria,[],Tendencia intermediaria (0.500); nenhuma regra apresentou ativacao relevante.
/media/angualberto/HD500_TRABALHO/cbis_ddsm/Calc-Training_P_00008_LEFT_MLO/28663/97907/041dd79e-c66e-4c5a-93a8-acd3fb877cbd.dcm,0,Calc-Training_P_00008_LEFT_MLO,041dd79e-c66e-4c5a-93a8-acd3fb877cbd,sem_cancer,AlizaMS RainbowB 1536,azul,roxo,,False,False,221.27101370415076,1.0,0.985437215848994,2.4330113266695515e-05,0.0,0.0002433011326669,0.0661779080854118,0.1061522841825925,0.6307095262125478,0.1466862528849072,0.0500063973886059,0,221.27101370415076,,,,,,,,,,,,,0.28224450287185204,-0.4840232733276406,-0.606347068207039,0.5,intermediaria,[],Tendencia intermediaria (0.500); nenhuma regra apresentou ativacao relevante.
/media/angualberto/HD500_TRABALHO/cbis_ddsm/Calc-Training_P_00008_LEFT_CC/64189/20834/beb4a6cf-b56b-4ce8-a0eb-6cc093b34d4e.dcm,0,Calc-Training_P_00008_LEFT_CC,beb4a6cf-b56b-4ce8-a0eb-6cc093b34d4e,sem_cancer,AlizaMS RainbowB 1536,ciano,azul,,False,False,202.4850512235861,1.0,0.9841993555955244,2.7952394988606963e-05,0.0176659136327996,0.0040251448783594,0.0519635022838203,0.4327869316086016,0.3709841862887916,0.0752478473093299,0.0472985216033099,0,202.4850512235861,,,,,,,,,,,,,0.28974355298826854,-0.2957363389794617,-0.7331882512685737,0.5,intermediaria,[],Tendencia intermediaria (0.500); nenhuma regra apresentou ativacao relevante.
/media/angualberto/HD500_TRABALHO/cbis_ddsm/Calc-Training_P_00189_LEFT_CC/84343/29766/ba3069f8-77be-46cb-9209-2026dd2a0786.dcm,1,Calc-Training_P_00189_LEFT_CC,ba3069f8-77be-46cb-9209-2026dd2a0786,cancer_verdadeiro,AlizaMS RainbowB 1536,verde,ciano,,False,False,165.13059885304494,1.0,0.9798450702925532,0.0609836508425958,0.0077248320067901,0.0328482535334609,0.4155109179432182,0.1896836042768247,0.1511657492704902,0.082669876476337,0.0594131156502816,1,165.13059885304494,,,,,,,,,,,,,0.2507302626697576,-0.0684958727941532,-0.6142772793639146,0.5,intermediaria,[],Tendencia intermediaria (0.500); nenhuma regra apresentou ativacao relevante.
/media/angualberto/HD500_TRABALHO/cbis_ddsm/Calc-Training_P_00007_LEFT_CC/72222/68297/d6536189-e9ad-49c7-8195-f4159f22ca3c.dcm,0,Calc-Training_P_00007_LEFT_CC,d6536189-e9ad-49c7-8195-f4159f22ca3c,sem_cancer,AlizaMS RainbowB 1536,verde,azul,,False,False,170.7233914756326,1.0,0.985833020631724,0.015268093829081,0.0046287886269159,0.0028670854927912,0.5511021921926682,0.1034568801314429,0.1585187388725181,0.116514209243191,0.0476440116113914,0,170.7233914756326,,,,,,,,,,,,,0.23133226678481392,-0.0420045296293271,-0.6489195903420468,0.5,intermediaria,[],Tendencia intermediaria (0.500); nenhuma regra apresentou ativacao relevante.
/media/angualberto/HD500_TRABALHO/cbis_ddsm/Calc-Training_P_00157_LEFT_CC/49721/42941/17663d1d-7523-4f93-bade-be048fb3dc4f.dcm,1,Calc-Training_P_00157_LEFT_CC,17663d1d-7523-4f93-bade-be048fb3dc4f,cancer_verdadeiro,AlizaMS RainbowB 1536,roxo,azul,,False,False,244.59350917715255,1.0,0.953952471397446,0.0044978716325967,0.001423377098923,0.0015372472668368,0.0391144026784047,0.1661365749862954,0.2800067429001373,0.3052859201770102,0.201997863259789,1,244.59350917715255,,,,,,,,,,,,,1.589627558590194,0.0252791772768729,0.022026062871961738,0.5,intermediaria,[],Tendencia intermediaria (0.500); nenhuma regra apresentou ativacao relevante.
/media/angualberto/HD500_TRABALHO/cbis_ddsm/Calc-Training_P_00008_RIGHT_CC/64555/28729/c6b77d41-42e7-426e-bd2a-11049f8561d1.dcm,0,Calc-Training_P_00008_RIGHT_CC,c6b77d41-42e7-426e-bd2a-11049f8561d1,sem_cancer,AlizaMS RainbowB 1536,ciano,azul,,False,False,197.6900466317841,1.0,0.9872145855435857,0.0009302707068887,0.0104254475772014,0.0025341857187658,0.069257050212855,0.5472558020524814,0.2606682677302733,0.0650868711819744,0.0438421048195569,0,197.6900466317841,,,,,,,,,,,,,0.3301625148958197,-0.1955813965482989,-0.7682521439940784,0.5,intermediaria,[],Tendencia intermediaria (0.500); nenhuma regra apresentou ativacao relevante.
/media/angualberto/HD500_TRABALHO/cbis_ddsm/Calc-Training_P_00011_LEFT_CC/68211/60014/09185cf0-1129-48ec-9067-d7172f229b17.dcm,0,Calc-Training_P_00011_LEFT_CC,09185cf0-1129-48ec-9067-d7172f229b17,sem_cancer,AlizaMS RainbowB 1536,verde,azul,,False,False,150.03691918703095,1.0,0.9750305897320096,0.0692800056187329,0.0251172782035128,0.1188156464583566,0.3745750619045617,0.1112149396628588,0.1437145135470563,0.0872333992563743,0.0700491553485454,0,150.03691918703095,,,,,,,,,,,,,0.30346462483491654,-0.056481114290682005,-0.4722219605095571,0.5,intermediaria,[],Tendencia intermediaria (0.500); nenhuma regra apresentou ativacao relevante.
/media/angualberto/HD500_TRABALHO/cbis_ddsm/Calc-Training_P_00008_RIGHT_MLO/21704/32980/08cd2dc1-64db-4a62-a98a-9363c58ac880.dcm,0,Calc-Training_P_00008_RIGHT_MLO,08cd2dc1-64db-4a62-a98a-9363c58ac880,sem_cancer,AlizaMS RainbowB 1536,azul,roxo,,False,False,215.72190076158515,1.0,0.9761460481342662,0.0042875704667398,0.012358291345309,0.0047163275134138,0.1126622192642766,0.0969243135510667,0.5656062075712263,0.134150513603467,0.0692945566845003,0,215.72190076158515,,,,,,,,,,,,,0.2999477186895958,-0.4314556939677593,-0.5717476700986022,0.5,intermediaria,[],Tendencia intermediaria (0.500); nenhuma regra apresentou ativacao relevante.
/media/angualberto/HD500_TRABALHO/cbis_ddsm/Calc-Training_P_00010_LEFT_CC/00045/40031/ca591583-a4ce-4fa2-abe3-cc284c456e13.dcm,0,Calc-Training_P_00010_LEFT_CC,ca591583-a4ce-4fa2-abe3-cc284c456e13,sem_cancer,AlizaMS RainbowB 1536,azul,verde,,False,False,196.8827465729616,1.0,0.9755451085987156,0.0078919744896815,8.934310743035667e-05,0.0113167936078451,0.2763680123179033,0.1664462091427545,0.3563598745038826,0.1030126028672012,0.0785151899633003,0,196.8827465729616,,,,,,,,,,,,,0.28689709074362274,-0.2533472716366814,-0.6176463031340389,0.5,intermediaria,[],Tendencia intermediaria (0.500); nenhuma regra apresentou ativacao relevante.
/media/angualberto/HD500_TRABALHO/cbis_ddsm/Calc-Training_P_00010_LEFT_MLO/11153/86942/48d5d6a9-cfcd-44e5-be92-ac43c6a82c53.dcm,0,Calc-Training_P_00010_LEFT_MLO,48d5d6a9-cfcd-44e5-be92-ac43c6a82c53,sem_cancer,AlizaMS RainbowB 1536,azul,verde,,False,False,195.60956116695283,1.0,0.9806640797347352,0.0004167688158862,0.00090708506987,0.0028683500858053,0.3223093895562638,0.1497425839666585,0.3481735719539103,0.1183378278989948,0.0572444226526109,0,195.60956116695283,,,,,,,,,,,,,0.2618742876588348,-0.2298357440549155,-0.644643294925227,0.5,intermediaria,[],Tendencia intermediaria (0.500); nenhuma regra apresentou ativacao relevante.
/media/angualberto/HD500_TRABALHO/cbis_ddsm/Calc-Training_P_00011_LEFT_MLO/51459/41286/62bb0bf2-0c23-481e-9d38-93a11d35c637.dcm,0,Calc-Training_P_00011_LEFT_MLO,62bb0bf2-0c23-481e-9d38-93a11d35c637,sem_cancer,AlizaMS RainbowB 1536,verde,azul,,False,False,175.3129961791685,1.0,0.9803477179174366,0.052568974975027,0.0075820636983212,0.0069081024806926,0.3752279079146964,0.1866872572831089,0.2091638638910211,0.1022062186533699,0.059655611103762,0,175.3129961791685,,,,,,,,,,,,,0.27697485624625584,-0.1069576452376512,-0.6092171993316944,0.5,intermediaria,[],Tendencia intermediaria (0.500); nenhuma regra apresentou ativacao relevante.
/media/angualberto/HD500_TRABALHO/cbis_ddsm/Calc-Training_P_00022_LEFT_CC/54112/58310/08c23693-7393-4bbb-8b0f-f650fcd8ff54.dcm,0,Calc-Training_P_00022_LEFT_CC,08c23693-7393-4bbb-8b0f-f650fcd8ff54,sem_cancer,AlizaMS RainbowB 1536,verde,azul,,False,False,192.7234675948204,1.0,0.9717467560045352,0.0036932167918256,0.0002098418631719,0.0071765917204794,0.3568151041375217,0.1468053674750707,0.2889102772150905,0.1083623381419761,0.0880272626548632,0,192.7234675948204,,,,,,,,,,,,,0.30413795620683054,-0.1805479390731144,-0.5961411480308436,0.5,intermediaria,[],Tendencia intermediaria (0.500); nenhuma regra apresentou ativacao relevante.
/media/angualberto/HD500_TRABALHO/cbis_ddsm/Calc-Training_P_00022_LEFT_MLO/92931/77522/d63f9b28-1fd3-4c74-a157-905d7745051a.dcm,0,Calc-Training_P_00022_LEFT_MLO,d63f9b28-1fd3-4c74-a157-905d7745051a,sem_cancer,AlizaMS RainbowB 1536,verde,azul,,False,False,151.28872207835653,1.0,0.9782011939863074,0.01921095360318,0.002823231357224,0.0663621623623364,0.5847658512319331,0.0797643985753658,0.1082563196287308,0.0772332256344062,0.0615838576068237,0,151.28872207835653,,,,,,,,,,,,,0.20030684020651837,-0.031023093994324596,-0.6339694861947999,0.5,intermediaria,[],Tendencia intermediaria (0.500); nenhuma regra apresentou ativacao relevante.
/media/angualberto/HD500_TRABALHO/cbis_ddsm/Calc-Training_P_00024_LEFT_MLO/13996/09447/8beca086-b0b6-4ea4-bf65-ad1c57a6eec0.dcm,0,Calc-Training_P_00024_LEFT_MLO,8beca086-b0b6-4ea4-bf65-ad1c57a6eec0,sem_cancer,AlizaMS RainbowB 1536,verde,ciano,,False,False,160.81068589652355,1.0,0.9885211802186424,0.0439030211568618,0.0076077437383731,0.0056107110070502,0.5658576394737479,0.1399507858538231,0.1076812728302236,0.0897713761128034,0.0396174498271165,0,160.81068589652355,,,,,,,,,,,,,0.19210296785421122,-0.0179098967174202,-0.6841008722178747,0.5,intermediaria,[],Tendencia intermediaria (0.500); nenhuma regra apresentou ativacao relevante.
/media/angualberto/HD500_TRABALHO/cbis_ddsm/Calc-Training_P_00013_RIGHT_MLO/25255/58727/66059eb1-be93-4050-91bb-1223b6c3b2ba.dcm,0,Calc-Training_P_00013_RIGHT_MLO,66059eb1-be93-4050-91bb-1223b6c3b2ba,sem_cancer,AlizaMS RainbowB 1536,verde,azul,,False,False,192.0911579312628,1.0,0.9682765779521074,0.0182800576393893,0.0072743968650743,0.008779444492331,0.362841898804483,0.1233825502761528,0.2508726263683605,0.1353915761353057,0.0931774494189027,0,192.0911579312628,,,,,,,,,,,,,0.3724354116687742,-0.1154810502330548,-0.508528049894788,0.5,intermediaria,[],Tendencia intermediaria (0.500); nenhuma regra apresentou ativacao relevante.
/media/angualberto/HD500_TRABALHO/cbis_ddsm/Calc-Training_P_00030_LEFT_MLO/95489/76403/398b2aab-a605-45c5-a0bf-bc47ef8a3f0e.dcm,0,Calc-Training_P_00030_LEFT_MLO,398b2aab-a605-45c5-a0bf-bc47ef8a3f0e,sem_cancer,AlizaMS RainbowB 1536,verde,ciano,,False,False,170.11151533909674,1.0,0.9810393708011982,0.0010032839516535,0.0045565812804263,0.0075664331353869,0.5344159182474397,0.2157478531034915,0.1236547470412958,0.064210172905825,0.0488450103344804,0,170.11151533909674,,,,,,,,,,,,,0.17179793521524298,-0.0594445741354708,-0.7607633351519216,0.5,intermediaria,[],Tendencia intermediaria (0.500); nenhuma regra apresentou ativacao relevante.
/media/angualberto/HD500_TRABALHO/cbis_ddsm/Calc-Training_P_00024_LEFT_CC/95089/63885/f8e9b18b-1cfe-4a01-b1bf-7bd2b084db92.dcm,0,Calc-Training_P_00024_LEFT_CC,f8e9b18b-1cfe-4a01-b1bf-7bd2b084db92,sem_cancer,AlizaMS RainbowB 1536,verde,roxo,,False,False,194.2590412814994,1.0,0.9829757433447976,0.0635480469747617,0.002385073009867,0.0025871978412116,0.3058552947907427,0.1287535175665497,0.2050354289160252,0.2091587754754563,0.0826766654253821,0,194.2590412814994,,,,,,,,,,,,,0.5712286828602786,0.0041233465594311125,-0.34780880037247924,0.5,intermediaria,[],Tendencia intermediaria (0.500); nenhuma regra apresentou ativacao relevante.
/media/angualberto/HD500_TRABALHO/cbis_ddsm/Calc-Training_P_00019_RIGHT_CC/84889/40915/9c93994e-2cf0-41f9-895e-351f0b4f2062.dcm,0,Calc-Training_P_00019_RIGHT_CC,9c93994e-2cf0-41f9-895e-351f0b4f2062,sem_cancer,AlizaMS RainbowB 1536,azul,verde,,False,False,180.78719560553765,1.0,0.986273424194322,0.0189747887042294,0.00766623090244,0.0292426816776333,0.2886804233941452,0.2157991965795455,0.3259015354227343,0.0704183200540873,0.0433168232651845,0,180.78719560553765,,,,,,,,,,,,,0.18506098305848645,-0.25548321536864704,-0.7166460120771532,0.5,intermediaria,[],Tendencia intermediaria (0.500); nenhuma regra apresentou ativacao relevante.
/media/angualberto/HD500_TRABALHO/cbis_ddsm/Calc-Training_P_00019_RIGHT_MLO/35937/71318/c5217647-ad14-4146-9435-25ec37aceb23.dcm,0,Calc-Training_P_00019_RIGHT_MLO,c5217647-ad14-4146-9435-25ec37aceb23,sem_cancer,AlizaMS RainbowB 1536,verde,azul,,False,False,151.39702643569422,1.0,0.9850552830257868,0.0731386339512011,0.078391834612635,0.0913352877887454,0.2540761948774974,0.1513679984402867,0.252559807057702,0.0531548087546123,0.0459754345173193,0,151.39702643569422,,,,,,,,,,,,,0.19566363412123713,-0.19940499830308966,-0.5588737571035545,0.5,intermediaria,[],Tendencia intermediaria (0.500); nenhuma regra apresentou ativacao relevante.
/media/angualberto/HD500_TRABALHO/cbis_ddsm/Calc-Training_P_00028_LEFT_MLO/75937/56433/06e7b646-c3a8-4dd4-958b-f8e3d7ce1a87.dcm,0,Calc-Training_P_00028_LEFT_MLO,06e7b646-c3a8-4dd4-958b-f8e3d7ce1a87,sem_cancer,AlizaMS RainbowB 1536,verde,vermelho,,False,False,133.01532520711487,1.0,0.9849337352770334,0.1190856708449596,0.0048269219140095,0.0370603937558851,0.5543833202311735,0.082187254334511,0.1063542593536459,0.050958041414342,0.0451441381514724,0,133.01532520711487,,,,,,,,,,,,,0.14544681743655768,-0.055396217939303896,-0.646822654353516,0.5,intermediaria,[],Tendencia intermediaria (0.500); nenhuma regra apresentou ativacao relevante.
/media/angualberto/HD500_TRABALHO/cbis_ddsm/Calc-Training_P_00030_RIGHT_CC/34303/34342/466f26ef-c6bc-4e23-a481-bc9378c21929.dcm,0,Calc-Training_P_00030_RIGHT_CC,466f26ef-c6bc-4e23-a481-bc9378c21929,sem_cancer,AlizaMS RainbowB 1536,ciano,azul,,False,False,195.4204080860249,1.0,0.94246312097256,0.0122833532177998,0.038275806009037,0.0134897539802623,0.1552966799678982,0.3895029370805017,0.1920370668247102,0.0631166944361055,0.1359977084836856,0,195.4204080860249,,,,,,,,,,,,,0.5732653363683321,-0.1289203723886047,-0.5377222809533191,0.5,intermediaria,[],Tendencia intermediaria (0.500); nenhuma regra apresentou ativacao relevante.
/media/angualberto/HD500_TRABALHO/cbis_ddsm/Calc-Training_P_00030_RIGHT_MLO/21014/91077/e685f7bd-5e53-413d-9020-4f2db31894e7.dcm,0,Calc-Training_P_00030_RIGHT_MLO,e685f7bd-5e53-413d-9020-4f2db31894e7,sem_cancer,AlizaMS RainbowB 1536,verde,ciano,,False,False,177.2806490445209,1.0,0.9586386713563002,0.0200165461473028,0.0130383007014541,0.0080066184589211,0.4077866272908313,0.226278790483546,0.1742724981081685,0.0592049034668846,0.0913957153428935,0,177.2806490445209,,,,,,,,,,,,,0.2587376602319656,-0.11506759464128391,-0.6577372970727677,0.5,intermediaria,[],Tendencia intermediaria (0.500); nenhuma regra apresentou ativacao relevante.
/media/angualberto/HD500_TRABALHO/cbis_ddsm/Calc-Training_P_00048_RIGHT_CC/64703/96054/67ccecd1-c2e6-4b76-a171-e645b5c8ee8f.dcm,0,Calc-Training_P_00048_RIGHT_CC,67ccecd1-c2e6-4b76-a171-e645b5c8ee8f,sem_cancer,AlizaMS RainbowB 1536,ciano,azul,,False,False,204.7703107824523,1.0,0.9748823862511928,0.0002997901468971,0.0116168681922654,0.0044219046667332,0.0405840911362046,0.4752798041371043,0.3201009293494555,0.0819926051763765,0.0657040071949635,0,204.7703107824523,,,,,,,,,,,,,0.40948916613608133,-0.23810832417307898,-0.6882682122514244,0.5,intermediaria,[],Tendencia intermediaria (0.500); nenhuma regra apresentou ativacao relevante.
/media/angualberto/HD500_TRABALHO/cbis_ddsm/Calc-Training_P_00030_LEFT_CC/40023/03429/3ee0d0e8-132b-4685-b58b-65955e08347f.dcm,0,Calc-Training_P_00030_LEFT_CC,3ee0d0e8-132b-4685-b58b-65955e08347f,sem_cancer,AlizaMS RainbowB 1536,ciano,azul,,False,False,199.1312386792269,1.0,0.9692557477497196,0.0140517192814828,0.0078413612061846,0.0047675476133602,0.1218861185889337,0.4371715699672051,0.2435213136192696,0.0900815575366489,0.0806788121869144,0,199.1312386792269,,,,,,,,,,,,,0.46731497500881986,-0.1534397560826207,-0.6318186324518451,0.5,intermediaria,[],Tendencia intermediaria (0.500); nenhuma regra apresentou ativacao relevante.
/media/angualberto/HD500_TRABALHO/cbis_ddsm/Calc-Training_P_00060_RIGHT_CC/31839/76395/fbe8928b-48d9-4c44-8f18-a48b7631b3d1.dcm,0,Calc-Training_P_00060_RIGHT_CC,fbe8928b-48d9-4c44-8f18-a48b7631b3d1,sem_cancer,AlizaMS RainbowB 1536,azul,roxo,,False,False,226.68841422976837,1.0,0.9656615945346272,0.0,0.0,0.0,0.1573732806683092,0.1439095057944614,0.3137108863463225,0.2820981402139545,0.1029081869769527,0,226.68841422976837,,,,,,,,,,,,,0.8172771363937131,-0.031612746132367975,-0.2299873456181859,0.5,intermediaria,[],Tendencia intermediaria (0.500); nenhuma regra apresentou ativacao relevante.
/media/angualberto/HD500_TRABALHO/cbis_ddsm/Calc-Training_P_00060_RIGHT_MLO/93043/71693/8ca1e479-e723-40f1-a7cd-c80d40620f67.dcm,0,Calc-Training_P_00060_RIGHT_MLO,8ca1e479-e723-40f1-a7cd-c80d40620f67,sem_cancer,AlizaMS RainbowB 1536,azul,verde,,False,False,207.98069313279183,1.0,0.9700521452134544,0.0,0.0076496963479312,0.0027737448589826,0.2522355982815951,0.1815197030346888,0.295447623453115,0.1701035531414021,0.0902700808822856,0,207.98069313279183,,,,,,,,,,,,,0.47540917621120254,-0.12534407031171288,-0.46882929074571117,0.5,intermediaria,[],Tendencia intermediaria (0.500); nenhuma regra apresentou ativacao relevante.
/media/angualberto/HD500_TRABALHO/cbis_ddsm/Calc-Training_P_00048_RIGHT_MLO/20948/39853/1f2f0e4d-96df-466d-8aee-63d1d6a677e6.dcm,0,Calc-Training_P_00048_RIGHT_MLO,1f2f0e4d-96df-466d-8aee-63d1d6a677e6,sem_cancer,AlizaMS RainbowB 1536,azul,roxo,,False,False,214.6197288927248,1.0,0.9680469101282178,0.000480856403078,0.0152394490821662,0.0166080403832345,0.2114658504920981,0.0445716896699279,0.39644760986082,0.2140180883238202,0.1011684157848549,0,214.6197288927248,,,,,,,,,,,,,0.5184726436900579,-0.18242952153699982,-0.3372986459141709,0.5,intermediaria,[],Tendencia intermediaria (0.500); nenhuma regra apresentou ativacao relevante.
/media/angualberto/HD500_TRABALHO/cbis_ddsm/Calc-Training_P_00062_LEFT_CC/38646/72569/65557aee-fc65-443c-861d-ac30f789ad5b.dcm,0,Calc-Training_P_00062_LEFT_CC,65557aee-fc65-443c-861d-ac30f789ad5b,sem_cancer,AlizaMS RainbowB 1536,verde,azul,,False,False,166.89016905349584,1.0,0.9676342560754302,0.0081266632932182,0.0062367415971209,0.0252304546428983,0.5245005187093911,0.1076782886351411,0.1399959496384042,0.0921809307271436,0.0960504527566824,0,166.89016905349584,,,,,,,,,,,,,0.2832691964776769,-0.047815018911260596,-0.5839433734991104,0.5,intermediaria,[],Tendencia intermediaria (0.500); nenhuma regra apresentou ativacao relevante.
/media/angualberto/HD500_TRABALHO/cbis_ddsm/Calc-Training_P_00062_LEFT_MLO/99698/76069/5b196256-7491-4ca0-8b1d-bfa9074df57e.dcm,0,Calc-Training_P_00062_LEFT_MLO,5b196256-7491-4ca0-8b1d-bfa9074df57e,sem_cancer,AlizaMS RainbowB 1536,verde,azul,,False,False,164.03485694255463,1.0,0.962201850405151,0.0012669426814229,0.0234602834456592,0.0536047817277911,0.5144224163363821,0.0955012655720875,0.1204469300925185,0.086632666802127,0.1046647133420115,0,164.03485694255463,,,,,,,,,,,,,0.3013177092373366,-0.0338142632903915,-0.5390732318568496,0.5,intermediaria,[],Tendencia intermediaria (0.500); nenhuma regra apresentou ativacao relevante.
/media/angualberto/HD500_TRABALHO/cbis_ddsm/Calc-Training_P_00071_RIGHT_MLO/85378/73776/9cbd4b6f-f40b-4dfa-a0bd-f98f29d970da.dcm,0,Calc-Training_P_00071_RIGHT_MLO,9cbd4b6f-f40b-4dfa-a0bd-f98f29d970da,sem_cancer,AlizaMS RainbowB 1536,azul,verde,,False,False,206.7386175040967,1.0,0.9778575652119358,0.0,0.0051128193942969,0.0086695633207644,0.168100609824668,0.1405803036936261,0.5043018294740043,0.1025676029795052,0.070667271313134,0,206.7386175040967,,,,,,,,,,,,,0.2576356978968864,-0.4017342264944991,-0.6397478686996592,0.5,intermediaria,[],Tendencia intermediaria (0.500); nenhuma regra apresentou ativacao relevante.
/media/angualberto/HD500_TRABALHO/cbis_ddsm/Calc-Training_P_00071_RIGHT_CC/98655/50674/1ff3a1d1-ec57-490f-b135-b00cdc4d854c.dcm,0,Calc-Training_P_00071_RIGHT_CC,1ff3a1d1-ec57-490f-b135-b00cdc4d854c,sem_cancer,AlizaMS RainbowB 1536,azul,ciano,,False,False,208.1200622713092,1.0,0.9729504093274602,0.0,0.0,0.0,0.0982029578871883,0.3200713116813865,0.4215954571363776,0.0837460237685174,0.0763842495265296,0,208.1200622713092,,,,,,,,,,,,,0.30806225180037283,-0.33784943336786016,-0.6797394534099054,0.5,intermediaria,[],Tendencia intermediaria (0.500); nenhuma regra apresentou ativacao relevante.
/media/angualberto/HD500_TRABALHO/cbis_ddsm/Calc-Training_P_00091_LEFT_MLO/82150/79039/e8d9bfeb-1509-4407-b98d-34337c016501.dcm,0,Calc-Training_P_00091_LEFT_MLO,e8d9bfeb-1509-4407-b98d-34337c016501,sem_cancer,AlizaMS RainbowB 1536,azul,verde,,False,False,194.30803429511337,1.0,0.974762119793884,0.0003362064949528,0.0258879001113656,0.0728073842958897,0.1868187423621061,0.0929050614386238,0.4356862611816124,0.1103877991761694,0.0751706449392791,0,194.30803429511337,,,,,,,,,,,,,0.29808345327072083,-0.325298462005443,-0.5298516208668937,0.5,intermediaria,[],Tendencia intermediaria (0.500); nenhuma regra apresentou ativacao relevante.
/media/angualberto/HD500_TRABALHO/cbis_ddsm/Calc-Training_P_00098_LEFT_CC/52223/56677/fcd8f1ec-b189-45c6-8cef-678c9b0afdad.dcm,0,Calc-Training_P_00098_LEFT_CC,fcd8f1ec-b189-45c6-8cef-678c9b0afdad,sem_cancer,AlizaMS RainbowB 1536,azul,roxo,,False,False,237.735019338431,1.0,0.9792642968808114,0.0111166744866831,0.0001217154140877,0.0002434308281755,0.0053960500245578,0.136808125434655,0.4657237461045092,0.2964987487178111,0.0840915089895185,0,237.735019338431,,,,,,,,,,,,,0.807841769240039,-0.16922499738669805,-0.22733766385639237,0.5,intermediaria,[],Tendencia intermediaria (0.500); nenhuma regra apresentou ativacao relevante.
/media/angualberto/HD500_TRABALHO/cbis_ddsm/Calc-Training_P_00083_RIGHT_CC/66791/96600/3b6ef8aa-c843-4550-becc-9a29a9c50737.dcm,0,Calc-Training_P_00083_RIGHT_CC,3b6ef8aa-c843-4550-becc-9a29a9c50737,sem_cancer,AlizaMS RainbowB 1536,azul,ciano,,False,False,198.76277264927265,1.0,0.97621525474668,0.0670510416027332,0.0055338328006306,0.0042097869158171,0.0862666818797696,0.1622125958368907,0.5145446007752021,0.0880660262873366,0.072115433901619,0,198.76277264927265,,,,,,,,,,,,,0.2666086043108765,-0.4264785744878655,-0.6028424183029069,0.5,intermediaria,[],Tendencia intermediaria (0.500); nenhuma regra apresentou ativacao relevante.
/media/angualberto/HD500_TRABALHO/cbis_ddsm/Calc-Training_P_00091_LEFT_CC/86230/72143/b841ca7a-3ff7-4196-bf20-89d95dec3ed6.dcm,0,Calc-Training_P_00091_LEFT_CC,b841ca7a-3ff7-4196-bf20-89d95dec3ed6,sem_cancer,AlizaMS RainbowB 1536,roxo,azul,,False,False,239.9692931780404,1.0,0.96760108706362,0.0004237907053742,0.0005650542738323,0.0074869691282782,0.1110331648080504,0.1079253663019726,0.2305892315797382,0.4398005764661538,0.102175846736599,0,239.9692931780404,,,,,,,,,,,,,1.5864779741277706,0.20921134488641557,0.09242866051299159,0.5,intermediaria,[],Tendencia intermediaria (0.500); nenhuma regra apresentou ativacao relevante.
