segmento_id,area_px,bbox_x,bbox_y,bbox_w,bbox_h,centro_x,centro_y,freq_media_segmento,passa_baixa_energia_segmento,passa_alta_energia_segmento,razao_alta_baixa_segmento,patient_id,image_id,cancer,altura_original,largura_original,altura_analisada,largura_analisada,arquivo_png
1,63383,0,0,241,263,120.0,131.0,0.07139559090137482,50.51690673828125,5.960886478424072,0.11799784953794722,11937,1767654639,1,4096,3328,263,241,/media/angualberto/423ff97c-bf80-4bc9-9621-cf3ec081fd25/iaimgem/sistema_integrado/topologia_frequencia/topologia_freq_00_cancer1_11937_1767654639.png
1,63383,0,0,241,263,120.0,131.0,0.06989045441150665,38.41840744018555,5.675742149353027,0.1477349629980043,11937,457443056,1,4096,3328,263,241,/media/angualberto/423ff97c-bf80-4bc9-9621-cf3ec081fd25/iaimgem/sistema_integrado/topologia_frequencia/topologia_freq_01_cancer1_11937_457443056.png
1,435,15,0,15,29,22.0,14.0,0.1310344785451889,0.0,0.0,0.0,12988,1191890529,1,5355,4915,263,241,/media/angualberto/423ff97c-bf80-4bc9-9621-cf3ec081fd25/iaimgem/sistema_integrado/topologia_frequencia/topologia_freq_02_cancer1_12988_1191890529.png
2,1885,46,0,65,29,78.0,14.0,0.12707339227199554,0.0,0.0,0.0,12988,1191890529,1,5355,4915,263,241,/media/angualberto/423ff97c-bf80-4bc9-9621-cf3ec081fd25/iaimgem/sistema_integrado/topologia_frequencia/topologia_freq_02_cancer1_12988_1191890529.png
3,696,127,0,27,29,138.67097701149424,13.413793103448276,0.13352490961551666,0.0,0.0,0.0,12988,1191890529,1,5355,4915,263,241,/media/angualberto/423ff97c-bf80-4bc9-9621-cf3ec081fd25/iaimgem/sistema_integrado/topologia_frequencia/topologia_freq_02_cancer1_12988_1191890529.png
4,36,168,0,3,12,169.0,5.5,0.13333332538604736,71.60356903076172,34.18726348876953,0.47745194093091015,12988,1191890529,1,5355,4915,263,241,/media/angualberto/423ff97c-bf80-4bc9-9621-cf3ec081fd25/iaimgem/sistema_integrado/topologia_frequencia/topologia_freq_02_cancer1_12988_1191890529.png
5,90,232,16,9,14,235.72222222222223,21.655555555555555,0.13185185194015503,222.6832275390625,4.560292720794678,0.0204788333217233,12988,1191890529,1,5355,4915,263,241,/media/angualberto/423ff97c-bf80-4bc9-9621-cf3ec081fd25/iaimgem/sistema_integrado/topologia_frequencia/topologia_freq_02_cancer1_12988_1191890529.png
6,180,15,53,15,12,22.0,58.5,0.12777778506278992,0.0,0.0,0.0,12988,1191890529,1,5355,4915,263,241,/media/angualberto/423ff97c-bf80-4bc9-9621-cf3ec081fd25/iaimgem/sistema_integrado/topologia_frequencia/topologia_freq_02_cancer1_12988_1191890529.png
7,780,46,53,65,12,78.0,58.5,0.12401708960533142,0.0,0.0,0.0,12988,1191890529,1,5355,4915,263,241,/media/angualberto/423ff97c-bf80-4bc9-9621-cf3ec081fd25/iaimgem/sistema_integrado/topologia_frequencia/topologia_freq_02_cancer1_12988_1191890529.png
8,136,127,53,13,12,132.22058823529412,58.18382352941177,0.13382352888584137,0.0,0.0,0.0,12988,1191890529,1,5355,4915,263,241,/media/angualberto/423ff97c-bf80-4bc9-9621-cf3ec081fd25/iaimgem/sistema_integrado/topologia_frequencia/topologia_freq_02_cancer1_12988_1191890529.png
9,40,231,73,10,4,235.5,74.5,0.12833333015441895,193.82638549804688,5.512275695800781,0.028439242950321044,12988,1191890529,1,5355,4915,263,241,/media/angualberto/423ff97c-bf80-4bc9-9621-cf3ec081fd25/iaimgem/sistema_integrado/topologia_frequencia/topologia_freq_02_cancer1_12988_1191890529.png
10,225,15,89,15,15,22.0,96.0,0.12888889014720917,0.0,0.0,0.0,12988,1191890529,1,5355,4915,263,241,/media/angualberto/423ff97c-bf80-4bc9-9621-cf3ec081fd25/iaimgem/sistema_integrado/topologia_frequencia/topologia_freq_02_cancer1_12988_1191890529.png
11,975,46,89,65,15,78.0,96.0,0.1250598281621933,0.0,0.0,0.0,12988,1191890529,1,5355,4915,263,241,/media/angualberto/423ff97c-bf80-4bc9-9621-cf3ec081fd25/iaimgem/sistema_integrado/topologia_frequencia/topologia_freq_02_cancer1_12988_1191890529.png
12,68,127,89,5,15,128.7941176470588,95.58823529411765,0.12843136489391327,0.0,0.0,0.0,12988,1191890529,1,5355,4915,263,241,/media/angualberto/423ff97c-bf80-4bc9-9621-cf3ec081fd25/iaimgem/sistema_integrado/topologia_frequencia/topologia_freq_02_cancer1_12988_1191890529.png
13,45,15,109,15,3,22.0,110.0,0.20000000298023224,0.0,0.0,0.0,12988,1191890529,1,5355,4915,263,241,/media/angualberto/423ff97c-bf80-4bc9-9621-cf3ec081fd25/iaimgem/sistema_integrado/topologia_frequencia/topologia_freq_02_cancer1_12988_1191890529.png
14,195,46,109,65,3,78.0,110.0,0.19179490208625793,0.0,0.0,0.0,12988,1191890529,1,5355,4915,263,241,/media/angualberto/423ff97c-bf80-4bc9-9621-cf3ec081fd25/iaimgem/sistema_integrado/topologia_frequencia/topologia_freq_02_cancer1_12988_1191890529.png
15,300,15,120,15,20,22.0,129.5,0.13333335518836975,0.0,0.0,0.0,12988,1191890529,1,5355,4915,263,241,/media/angualberto/423ff97c-bf80-4bc9-9621-cf3ec081fd25/iaimgem/sistema_integrado/topologia_frequencia/topologia_freq_02_cancer1_12988_1191890529.png
16,1300,46,120,65,20,78.0,129.5,0.12923076748847961,0.0,0.0,0.0,12988,1191890529,1,5355,4915,263,241,/media/angualberto/423ff97c-bf80-4bc9-9621-cf3ec081fd25/iaimgem/sistema_integrado/topologia_frequencia/topologia_freq_02_cancer1_12988_1191890529.png
17,86,127,120,5,20,128.67441860465115,129.98837209302326,0.1379844844341278,0.0,0.0,0.0,12988,1191890529,1,5355,4915,263,241,/media/angualberto/423ff97c-bf80-4bc9-9621-cf3ec081fd25/iaimgem/sistema_integrado/topologia_frequencia/topologia_freq_02_cancer1_12988_1191890529.png
18,45,15,145,15,3,22.0,146.0,0.20000000298023224,0.0,0.0,0.0,12988,1191890529,1,5355,4915,263,241,/media/angualberto/423ff97c-bf80-4bc9-9621-cf3ec081fd25/iaimgem/sistema_integrado/topologia_frequencia/topologia_freq_02_cancer1_12988_1191890529.png
19,195,46,145,65,3,78.0,146.0,0.19179490208625793,0.0,0.0,0.0,12988,1191890529,1,5355,4915,263,241,/media/angualberto/423ff97c-bf80-4bc9-9621-cf3ec081fd25/iaimgem/sistema_integrado/topologia_frequencia/topologia_freq_02_cancer1_12988_1191890529.png
20,300,15,156,15,20,22.0,165.5,0.13333335518836975,0.0,0.0,0.0,12988,1191890529,1,5355,4915,263,241,/media/angualberto/423ff97c-bf80-4bc9-9621-cf3ec081fd25/iaimgem/sistema_integrado/topologia_frequencia/topologia_freq_02_cancer1_12988_1191890529.png
21,1300,46,156,65,20,78.0,165.5,0.12923076748847961,0.0,0.0,0.0,12988,1191890529,1,5355,4915,263,241,/media/angualberto/423ff97c-bf80-4bc9-9621-cf3ec081fd25/iaimgem/sistema_integrado/topologia_frequencia/topologia_freq_02_cancer1_12988_1191890529.png
22,307,127,156,20,20,134.5700325732899,166.628664495114,0.13441912829875946,0.0,0.0,0.0,12988,1191890529,1,5355,4915,263,241,/media/angualberto/423ff97c-bf80-4bc9-9621-cf3ec081fd25/iaimgem/sistema_integrado/topologia_frequencia/topologia_freq_02_cancer1_12988_1191890529.png
23,29,223,168,8,5,226.51724137931035,169.93103448275863,0.13333335518836975,176.23959350585938,5.115474700927734,0.02902568356032879,12988,1191890529,1,5355,4915,263,241,/media/angualberto/423ff97c-bf80-4bc9-9621-cf3ec081fd25/iaimgem/sistema_integrado/topologia_frequencia/topologia_freq_02_cancer1_12988_1191890529.png
24,45,15,181,15,3,22.0,182.0,0.20000000298023224,0.0,0.0,0.0,12988,1191890529,1,5355,4915,263,241,/media/angualberto/423ff97c-bf80-4bc9-9621-cf3ec081fd25/iaimgem/sistema_integrado/topologia_frequencia/topologia_freq_02_cancer1_12988_1191890529.png
25,195,46,181,65,3,78.0,182.0,0.19179490208625793,0.0,0.0,0.0,12988,1191890529,1,5355,4915,263,241,/media/angualberto/423ff97c-bf80-4bc9-9621-cf3ec081fd25/iaimgem/sistema_integrado/topologia_frequencia/topologia_freq_02_cancer1_12988_1191890529.png
26,51,127,181,17,3,135.0,182.0,0.20000001788139343,0.0,0.0,0.0,12988,1191890529,1,5355,4915,263,241,/media/angualberto/423ff97c-bf80-4bc9-9621-cf3ec081fd25/iaimgem/sistema_integrado/topologia_frequencia/topologia_freq_02_cancer1_12988_1191890529.png
27,300,15,192,15,20,22.0,201.5,0.13333335518836975,0.0,0.0,0.0,12988,1191890529,1,5355,4915,263,241,/media/angualberto/423ff97c-bf80-4bc9-9621-cf3ec081fd25/iaimgem/sistema_integrado/topologia_frequencia/topologia_freq_02_cancer1_12988_1191890529.png
28,1300,46,192,65,20,78.0,201.5,0.12923076748847961,0.0,0.0,0.0,12988,1191890529,1,5355,4915,263,241,/media/angualberto/423ff97c-bf80-4bc9-9621-cf3ec081fd25/iaimgem/sistema_integrado/topologia_frequencia/topologia_freq_02_cancer1_12988_1191890529.png
29,889,127,192,69,20,153.06749156355457,203.9448818897638,0.13483314216136932,0.0,0.0,0.0,12988,1191890529,1,5355,4915,263,241,/media/angualberto/423ff97c-bf80-4bc9-9621-cf3ec081fd25/iaimgem/sistema_integrado/topologia_frequencia/topologia_freq_02_cancer1_12988_1191890529.png
30,210,15,234,15,14,22.0,240.5,0.12857143580913544,0.0,0.0,0.0,12988,1191890529,1,5355,4915,263,241,/media/angualberto/423ff97c-bf80-4bc9-9621-cf3ec081fd25/iaimgem/sistema_integrado/topologia_frequencia/topologia_freq_02_cancer1_12988_1191890529.png
31,910,46,234,65,14,78.0,240.5,0.1247619017958641,0.0,0.0,0.0,12988,1191890529,1,5355,4915,263,241,/media/angualberto/423ff97c-bf80-4bc9-9621-cf3ec081fd25/iaimgem/sistema_integrado/topologia_frequencia/topologia_freq_02_cancer1_12988_1191890529.png
32,961,127,234,79,14,167.20707596253902,241.1789802289282,0.12986472249031067,0.0,0.0,0.0,12988,1191890529,1,5355,4915,263,241,/media/angualberto/423ff97c-bf80-4bc9-9621-cf3ec081fd25/iaimgem/sistema_integrado/topologia_frequencia/topologia_freq_02_cancer1_12988_1191890529.png
1,63383,0,0,241,263,120.0,131.0,0.07000405341386795,83.42631530761719,2.1890480518341064,0.026239298925322882,11017,1075876909,0,2294,1914,263,241,/media/angualberto/423ff97c-bf80-4bc9-9621-cf3ec081fd25/iaimgem/sistema_integrado/topologia_frequencia/topologia_freq_03_cancer0_11017_1075876909.png
1,63383,0,0,241,263,120.0,131.0,0.0669759064912796,71.7114028930664,2.4714105129241943,0.034463284481356375,11017,348553439,0,2294,1914,263,241,/media/angualberto/423ff97c-bf80-4bc9-9621-cf3ec081fd25/iaimgem/sistema_integrado/topologia_frequencia/topologia_freq_04_cancer0_11017_348553439.png
1,63383,0,0,241,263,120.0,131.0,0.06704847514629364,62.035221099853516,2.3027520179748535,0.03712007372631444,11017,4703157,0,2294,1914,263,241,/media/angualberto/423ff97c-bf80-4bc9-9621-cf3ec081fd25/iaimgem/sistema_integrado/topologia_frequencia/topologia_freq_05_cancer0_11017_4703157.png
