y_true,score_rede_neural_sem_filtros,pred_rede_neural_sem_filtros,score_rede_neural_com_filtros,pred_rede_neural_com_filtros
0,0.017627412,1,5.328025e-05,1
0,0.47938794,1,0.91807187,1
0,0.47408092,1,0.44113383,1
0,0.07359053,1,1.0004615e-06,1
0,0.7130712,1,0.20183876,1
0,0.39872444,1,0.021993319,1
0,0.8488248,1,0.42705578,1
0,0.4412027,1,0.0010015835,1
0,0.7090866,1,0.15191211,1
0,0.16254315,1,0.010432714,1
0,0.3881916,1,0.50161785,1
1,0.40766707,1,0.046064045,1
0,0.09533385,1,0.000119552395,1
0,0.11639505,1,0.27013195,1
1,0.20103271,1,7.685021e-05,1
0,0.6194175,1,0.99581087,1
0,0.07341255,1,0.0046822843,1
0,0.47743374,1,0.024435865,1
0,0.0026185664,1,0.13249245,1
1,0.79125154,1,0.029212473,1
0,0.41729182,1,0.0007868726,1
1,0.5074567,1,0.05600591,1
0,0.2283709,1,0.4546527,1
1,0.41182604,1,0.43330982,1
0,0.5255202,1,0.1639767,1
1,0.36191308,1,0.8242805,1
1,0.10213758,1,0.00031835868,1
0,0.1264852,1,0.5843436,1
0,0.3449504,1,0.035082325,1
0,0.390319,1,0.38759935,1
1,0.468438,1,0.56790185,1
1,0.3998874,1,0.702734,1
0,0.2790755,1,0.056884248,1
0,0.3264152,1,0.5535315,1
0,0.33729738,1,0.97753316,1
0,0.3017742,1,0.47385186,1
0,0.33521888,1,0.807246,1
1,0.53276163,1,0.06746313,1
0,0.39288753,1,0.5894458,1
0,0.35211283,1,0.0085339965,1
1,0.60024416,1,0.99097013,1
0,0.46607366,1,0.066233166,1
0,0.8712652,1,0.7287809,1
0,0.4230432,1,0.07196503,1
0,0.69986,1,0.9198834,1
0,0.60687274,1,0.3274846,1
0,0.5791083,1,0.6000679,1
0,0.430503,1,0.00048824697,1
0,0.64773834,1,2.637198e-07,0
0,0.083883084,1,0.025206255,1
0,0.5350813,1,0.08198277,1
0,0.67016613,1,0.0027801897,1
0,0.15902236,1,0.016831256,1
0,0.5473277,1,0.28209075,1
0,0.12776968,1,0.015873836,1
1,0.234685,1,0.0013830095,1
1,0.12739924,1,0.012807527,1
1,0.015290609,1,8.381481e-05,1
1,0.33927432,1,0.00024906316,1
0,0.018635962,1,2.0562778e-05,1
0,0.17017722,1,0.0022011697,1
0,0.007846447,1,0.00044254356,1
1,0.007494295,1,0.003972479,1
0,0.4132413,1,0.0010804973,1
0,0.28128022,1,4.014427e-05,1
0,0.49923193,1,1.0784474e-05,1
0,0.1630329,1,0.008933106,1
0,0.49526268,1,0.00035776958,1
0,0.5082557,1,0.9917829,1
1,0.4280055,1,0.33870864,1
1,0.77690035,1,0.951196,1
0,0.7034859,1,0.0033231166,1
0,0.52073896,1,0.9835925,1
0,0.373415,1,0.006862241,1
0,0.474216,1,0.9863528,1
0,0.26749474,1,0.020815536,1
0,0.6077931,1,0.008964206,1
0,0.3178013,1,0.5858358,1
0,0.09676598,1,0.0004655189,1
1,0.26297238,1,0.035372686,1
1,0.15528795,1,0.0002655499,1
0,0.34596467,1,0.004015931,1
0,0.20278451,1,0.010556165,1
0,0.44682944,1,0.24311773,1
0,0.23448649,1,0.044140995,1
0,0.35954112,1,0.00027325703,1
1,0.7622133,1,0.9932535,1
1,0.49685043,1,0.0034556263,1
0,0.58159155,1,0.5371123,1
0,0.5391787,1,0.07544523,1
0,0.40536764,1,0.1731717,1
0,0.20063049,1,0.015111519,1
0,0.18950297,1,0.009706479,1
0,0.80022377,1,0.9723312,1
0,0.60552084,1,0.44614977,1
0,0.6544549,1,0.69082433,1
0,0.72414947,1,0.68036944,1
0,0.77288187,1,0.21671635,1
0,0.83515465,1,0.942316,1
0,0.7959805,1,0.57762855,1
0,0.98074234,1,0.9999813,1
1,0.16902159,1,1.9677036e-05,1
1,0.06993685,1,0.00037597405,1
0,0.018855615,1,0.070593484,1
1,0.4783653,1,8.939772e-07,1
0,0.7796682,1,0.74159837,1
0,0.66179407,1,0.37119862,1
1,0.6671432,1,0.37202057,1
0,0.13761783,1,0.024088895,1
0,0.17594032,1,0.0030095465,1
0,0.58685493,1,0.4149841,1
0,0.4072691,1,0.27444604,1
0,0.48573577,1,0.0029645364,1
0,0.6846606,1,0.015746308,1
0,0.6503428,1,0.9596785,1
0,0.4825534,1,0.8043426,1
1,0.665474,1,0.92873096,1
1,0.7552468,1,0.8505068,1
0,0.55965024,1,0.86098295,1
1,0.27530268,1,0.85406154,1
0,0.60677,1,0.9125396,1
0,0.54344285,1,0.023268048,1
0,0.695182,1,0.21733339,1
1,0.7151963,1,0.94470733,1
1,0.7275684,1,0.7664109,1
0,0.15395428,1,0.029920937,1
1,0.25088796,1,0.0014763149,1
0,0.26703045,1,0.0033161985,1
1,0.89904743,1,0.039534118,1
1,0.04052906,1,0.00016163947,1
0,0.6111261,1,0.5015816,1
0,0.20521739,1,0.13010675,1
0,0.50557005,1,0.0011526237,1
0,0.35100842,1,0.46408355,1
0,0.3120702,1,0.67135,1
0,0.4529165,1,0.4135768,1
1,0.42517373,1,0.006317259,1
0,0.53492206,1,0.016997911,1
1,0.50616515,1,0.7739405,1
1,0.43727776,1,0.0016092614,1
0,0.36038965,1,0.36691362,1
0,0.5363754,1,0.016836355,1
1,0.47665784,1,0.056918528,1
0,0.4924198,1,0.278568,1
1,0.4223798,1,0.013168801,1
0,0.09776956,1,9.275004e-12,0
1,0.09994681,1,3.5269442e-14,0
1,0.10887915,1,0.00022396003,1
0,0.040925253,1,0.0064282976,1
0,0.5296884,1,0.5733327,1
0,0.6130069,1,0.056729816,1
0,0.47495008,1,0.25390217,1
0,0.5780687,1,0.26824382,1
0,0.4625394,1,0.0025048105,1
0,0.5225616,1,0.98069304,1
0,0.45762208,1,0.14674465,1
0,0.41210747,1,0.22156624,1
0,0.4223993,1,0.040647227,1
1,0.36195043,1,0.022302968,1
0,0.37614182,1,0.00066166057,1
1,0.5274789,1,0.00043966438,1
0,0.387415,1,0.949436,1
0,0.33106953,1,0.14055799,1
0,0.36023054,1,0.19728768,1
0,0.060563717,1,0.97946566,1
0,0.31600112,1,0.48686376,1
0,0.07243594,1,0.55689776,1
0,0.17083365,1,0.95183223,1
0,0.9957194,1,0.94436145,1
0,0.011485827,1,6.455246e-11,0
0,0.33225766,1,0.00051273714,1
0,0.99502665,1,0.82493824,1
1,0.6320983,1,0.02780119,1
0,0.40909415,1,0.7167747,1
1,0.50321114,1,0.10183248,1
0,0.12945503,1,0.0054193614,1
1,0.018254573,1,0.008885907,1
0,0.2784022,1,0.34046456,1
0,0.55198175,1,0.14397332,1
1,0.25190526,1,0.9844811,1
0,0.5593659,1,0.019313665,1
0,0.57849646,1,0.08097675,1
0,0.6104989,1,0.36776662,1
0,0.6131242,1,0.0107423095,1
0,0.028940529,1,0.0098392265,1
0,0.3859143,1,0.048967004,1
1,0.47775877,1,0.7595987,1
0,0.47587347,1,0.10602299,1
1,0.26871473,1,0.82663983,1
1,0.21589066,1,0.4475666,1
0,0.55302393,1,0.051284842,1
0,0.60136575,1,0.47076812,1
0,0.7003587,1,0.7328368,1
0,0.63146394,1,0.99609166,1
0,0.6822849,1,0.9855729,1
0,0.6591635,1,0.27135944,1
0,0.21679221,1,0.0076004113,1
1,0.1621786,1,0.0014177597,1
1,0.21535087,1,0.001699214,1
0,0.3959134,1,0.036526658,1
0,0.287936,1,0.86272115,1
0,0.22948785,1,0.0033907017,1
0,0.25918904,1,0.010716169,1
0,0.23725854,1,0.96357095,1
0,0.30860797,1,0.9985488,1
0,0.27059376,1,0.31630516,1
0,0.3661455,1,6.512361e-05,1
0,0.2303418,1,0.051831592,1
0,0.2796456,1,0.9962126,1
0,0.31310937,1,0.0047423765,1
0,0.33223334,1,0.01634938,1
0,0.3300732,1,0.978388,1
0,0.3126869,1,0.4409258,1
0,0.21633005,1,0.9591805,1
1,0.35053307,1,0.008279934,1
0,0.9579076,1,0.0022743694,1
0,0.49114758,1,0.016096484,1
1,0.3225393,1,0.5007458,1
0,0.5369674,1,0.40514037,1
1,0.510278,1,0.0064583505,1
0,0.50309247,1,0.0020038222,1
1,0.42919028,1,0.9518725,1
1,0.32605547,1,0.42436293,1
0,0.009373323,1,2.3406807e-05,1
0,0.9394523,1,0.97903156,1
0,0.050667223,1,2.5786787e-07,0
0,0.05118508,1,5.9594644e-05,1
0,0.72659636,1,0.08121762,1
1,0.56122005,1,0.07174967,1
0,0.68782175,1,0.37241977,1
1,0.7330291,1,0.9975266,1
1,0.33474463,1,0.780992,1
1,0.22122197,1,0.014872247,1
0,0.12653047,1,8.079016e-07,0
0,0.2921283,1,0.0006460616,1
0,0.47671527,1,0.4074029,1
1,0.6655965,1,0.030557167,1
1,0.56786317,1,0.62696,1
0,0.4477689,1,0.6643689,1
0,3.7614454e-06,0,2.5896503e-07,0
1,0.5855338,1,0.9820888,1
0,0.32425752,1,0.69094706,1
1,0.99364614,1,0.99714667,1
1,0.5418037,1,0.23995113,1
0,0.81709015,1,0.61332804,1
0,0.7928849,1,0.10413669,1
0,0.7394812,1,0.9984091,1
0,0.75265867,1,0.9658242,1
1,0.54141873,1,0.10642547,1
0,0.6780659,1,0.35875142,1
1,0.64686996,1,0.006248006,1
1,0.53387594,1,0.0010465562,1
0,0.5938559,1,0.01745684,1
0,0.58878416,1,0.71292853,1
0,0.5987787,1,0.68922657,1
0,0.43220216,1,0.0027110167,1
0,0.5985262,1,0.0069833966,1
0,0.5683016,1,0.9982322,1
0,0.17549726,1,0.016453108,1
0,0.003968184,1,0.0996397,1
0,0.2987693,1,0.0044870083,1
0,0.22650123,1,0.63959265,1
1,0.35378316,1,0.0091316495,1
0,0.6546117,1,0.99962115,1
0,0.08536573,1,0.9867383,1
1,0.5426899,1,0.07855054,1
0,0.18438825,1,0.99982965,1
0,0.30093798,1,0.06621485,1
1,0.49065146,1,0.000897998,1
1,0.20669205,1,0.20780015,1
0,0.2681254,1,0.12383347,1
0,0.38743615,1,5.199818e-09,0
0,0.2869965,1,5.8309975e-06,1
0,0.3898174,1,1.8856548e-08,0
1,0.7675515,1,0.54904455,1
0,0.6510212,1,0.76815224,1
1,0.35019046,1,3.3714132e-05,1
0,0.20975615,1,0.0019275675,1
0,0.08535208,1,0.041167907,1
0,0.10783422,1,0.0001608351,1
0,0.10211573,1,0.0009410658,1
0,0.07729647,1,0.00012479584,1
1,0.42101562,1,0.007845393,1
0,0.49518067,1,0.0018246807,1
1,0.52060694,1,0.41252115,1
0,0.467211,1,0.0050872336,1
0,0.2854087,1,0.0015314799,1
0,0.24756818,1,0.0051353215,1
0,0.3420604,1,0.028364107,1
0,0.31211305,1,0.008674444,1
0,0.64248013,1,0.0040505407,1
0,0.58788687,1,0.0052685183,1
0,0.27225524,1,0.00036462344,1
0,0.5679999,1,0.09100228,1
0,0.43639255,1,0.9928518,1
0,0.46672636,1,0.0034355023,1
0,0.5235221,1,0.9730076,1
0,0.44467255,1,0.8792375,1
0,0.48905876,1,0.010777305,1
0,0.46168664,1,0.35094708,1
0,0.3327548,1,0.26675123,1
0,0.26789063,1,0.0058672684,1
0,0.30618048,1,5.5610535e-08,0
0,0.5856484,1,0.00045100893,1
0,0.59592605,1,0.00016188395,1
0,0.5826666,1,0.111502334,1
0,0.5822842,1,0.9707564,1
1,0.0007167042,1,0.0002053704,1
0,0.016382381,1,0.15245467,1
0,0.000345114,0,0.036746725,1
1,0.015085941,1,0.088836886,1
1,0.48465452,1,0.07383506,1
1,0.6592506,1,0.16978608,1
0,0.64638436,1,0.000722099,1
0,0.59934306,1,0.013650594,1
0,0.70158887,1,0.015345422,1
1,0.8064921,1,0.0012331476,1
0,0.5703961,1,0.6746778,1
0,0.38610435,1,0.002277644,1
0,0.4304245,1,0.0011235516,1
0,0.27752534,1,0.006523998,1
0,0.2382575,1,1.4545899e-10,0
0,0.67466754,1,0.963018,1
0,0.4712125,1,0.21518856,1
0,0.3653859,1,6.6508364e-05,1
0,0.41283858,1,0.17013277,1
0,0.0790729,1,0.013679907,1
0,0.63658774,1,0.6894657,1
0,0.07198049,1,0.0131613435,1
0,0.21731403,1,0.10293171,1
0,0.11402011,1,0.0058138543,1
0,0.18014425,1,0.44208848,1
0,0.00026109794,0,0.0007425726,1
0,0.026677307,1,0.8331513,1
1,0.50331956,1,0.005807422,1
0,0.106525555,1,0.0035423823,1
0,0.4376053,1,0.25713465,1
1,0.4808387,1,0.16450934,1
1,0.52889174,1,0.12108977,1
1,0.5348357,1,0.45698944,1
0,0.5236181,1,0.007439333,1
1,0.5749699,1,0.002848181,1
0,0.5275815,1,0.95811224,1
0,0.3838015,1,0.09420638,1
0,0.23911703,1,0.03885593,1
0,0.36374575,1,0.034194883,1
0,0.39806053,1,0.0014409401,1
0,0.4206666,1,0.0034102434,1
