shard_id,shard_path,start,count,valid_patches,patient_id,image_id,image_path,y,view,density,difficult_negative_case,split
0,/media/angualberto/423ff97c-bf80-4bc9-9621-cf3ec081fd25/iaimgem/vnn_pixelwise_project/shards_smoke_cuda/shards/shard_0000.pt,0,4,4,32472,183781004,/media/angualberto/423ff97c-bf80-4bc9-9621-cf3ec081fd25/rsna_kaggle_oficial/train_images/32472/183781004.dcm,0,MLO,C,False,test
0,/media/angualberto/423ff97c-bf80-4bc9-9621-cf3ec081fd25/iaimgem/vnn_pixelwise_project/shards_smoke_cuda/shards/shard_0000.pt,4,4,4,40121,1762706664,/media/angualberto/423ff97c-bf80-4bc9-9621-cf3ec081fd25/rsna_kaggle_oficial/train_images/40121/1762706664.dcm,0,CC,UNKNOWN,False,test
0,/media/angualberto/423ff97c-bf80-4bc9-9621-cf3ec081fd25/iaimgem/vnn_pixelwise_project/shards_smoke_cuda/shards/shard_0000.pt,8,4,4,41369,1721828196,/media/angualberto/423ff97c-bf80-4bc9-9621-cf3ec081fd25/rsna_kaggle_oficial/train_images/41369/1721828196.dcm,0,CC,C,True,test
0,/media/angualberto/423ff97c-bf80-4bc9-9621-cf3ec081fd25/iaimgem/vnn_pixelwise_project/shards_smoke_cuda/shards/shard_0000.pt,12,4,4,60410,840887128,/media/angualberto/423ff97c-bf80-4bc9-9621-cf3ec081fd25/rsna_kaggle_oficial/train_images/60410/840887128.dcm,0,CC,B,False,test
0,/media/angualberto/423ff97c-bf80-4bc9-9621-cf3ec081fd25/iaimgem/vnn_pixelwise_project/shards_smoke_cuda/shards/shard_0000.pt,16,4,4,10317,226635741,/media/angualberto/423ff97c-bf80-4bc9-9621-cf3ec081fd25/rsna_kaggle_oficial/train_images/10317/226635741.dcm,0,CC,C,True,train
0,/media/angualberto/423ff97c-bf80-4bc9-9621-cf3ec081fd25/iaimgem/vnn_pixelwise_project/shards_smoke_cuda/shards/shard_0000.pt,20,4,4,13312,358808391,/media/angualberto/423ff97c-bf80-4bc9-9621-cf3ec081fd25/rsna_kaggle_oficial/train_images/13312/358808391.dcm,0,CC,B,False,train
0,/media/angualberto/423ff97c-bf80-4bc9-9621-cf3ec081fd25/iaimgem/vnn_pixelwise_project/shards_smoke_cuda/shards/shard_0000.pt,24,4,4,13751,1647903931,/media/angualberto/423ff97c-bf80-4bc9-9621-cf3ec081fd25/rsna_kaggle_oficial/train_images/13751/1647903931.dcm,0,MLO,B,False,train
0,/media/angualberto/423ff97c-bf80-4bc9-9621-cf3ec081fd25/iaimgem/vnn_pixelwise_project/shards_smoke_cuda/shards/shard_0000.pt,28,4,4,21287,822645439,/media/angualberto/423ff97c-bf80-4bc9-9621-cf3ec081fd25/rsna_kaggle_oficial/train_images/21287/822645439.dcm,0,CC,UNKNOWN,False,train
1,/media/angualberto/423ff97c-bf80-4bc9-9621-cf3ec081fd25/iaimgem/vnn_pixelwise_project/shards_smoke_cuda/shards/shard_0001.pt,0,4,4,2205,75545464,/media/angualberto/423ff97c-bf80-4bc9-9621-cf3ec081fd25/rsna_kaggle_oficial/train_images/2205/75545464.dcm,0,MLO,B,False,train
1,/media/angualberto/423ff97c-bf80-4bc9-9621-cf3ec081fd25/iaimgem/vnn_pixelwise_project/shards_smoke_cuda/shards/shard_0001.pt,4,4,4,31768,1821121389,/media/angualberto/423ff97c-bf80-4bc9-9621-cf3ec081fd25/rsna_kaggle_oficial/train_images/31768/1821121389.dcm,0,CC,B,False,train
1,/media/angualberto/423ff97c-bf80-4bc9-9621-cf3ec081fd25/iaimgem/vnn_pixelwise_project/shards_smoke_cuda/shards/shard_0001.pt,8,4,4,36034,810135280,/media/angualberto/423ff97c-bf80-4bc9-9621-cf3ec081fd25/rsna_kaggle_oficial/train_images/36034/810135280.dcm,1,CC,B,False,train
1,/media/angualberto/423ff97c-bf80-4bc9-9621-cf3ec081fd25/iaimgem/vnn_pixelwise_project/shards_smoke_cuda/shards/shard_0001.pt,12,4,4,38411,684859384,/media/angualberto/423ff97c-bf80-4bc9-9621-cf3ec081fd25/rsna_kaggle_oficial/train_images/38411/684859384.dcm,0,MLO,C,False,train
1,/media/angualberto/423ff97c-bf80-4bc9-9621-cf3ec081fd25/iaimgem/vnn_pixelwise_project/shards_smoke_cuda/shards/shard_0001.pt,16,4,4,42379,1915586201,/media/angualberto/423ff97c-bf80-4bc9-9621-cf3ec081fd25/rsna_kaggle_oficial/train_images/42379/1915586201.dcm,0,CC,B,False,train
1,/media/angualberto/423ff97c-bf80-4bc9-9621-cf3ec081fd25/iaimgem/vnn_pixelwise_project/shards_smoke_cuda/shards/shard_0001.pt,20,4,4,47029,2058800363,/media/angualberto/423ff97c-bf80-4bc9-9621-cf3ec081fd25/rsna_kaggle_oficial/train_images/47029/2058800363.dcm,0,MLO,UNKNOWN,True,train
1,/media/angualberto/423ff97c-bf80-4bc9-9621-cf3ec081fd25/iaimgem/vnn_pixelwise_project/shards_smoke_cuda/shards/shard_0001.pt,24,4,4,5106,1031470114,/media/angualberto/423ff97c-bf80-4bc9-9621-cf3ec081fd25/rsna_kaggle_oficial/train_images/5106/1031470114.dcm,0,CC,A,False,train
1,/media/angualberto/423ff97c-bf80-4bc9-9621-cf3ec081fd25/iaimgem/vnn_pixelwise_project/shards_smoke_cuda/shards/shard_0001.pt,28,4,4,61135,521410525,/media/angualberto/423ff97c-bf80-4bc9-9621-cf3ec081fd25/rsna_kaggle_oficial/train_images/61135/521410525.dcm,0,MLO,B,False,train
