series_uid,n_amostras,n_nodulo,n_sem_nodulo,score_sem_wavelet,score_com_wavelet
11017,4,0,4,0.449348825633883,0.30134895
11421,6,0,6,0.6287573637863093,0.26580435
11937,5,2,3,0.4266565626242419,0.21525207
12590,4,0,4,0.49278505582403176,0.24866945
12988,4,2,2,0.3714742283957011,0.2530516
13267,5,3,2,0.49027943474853375,0.18493453
13463,4,2,2,0.5303301751853982,0.20252107
13896,5,0,5,0.5561670481055894,0.22733307
14706,5,2,3,0.5108556703088823,0.17107588
1475,4,0,4,0.569499017287745,0.27126282
16200,4,0,4,0.47425362621202155,0.1632146
17252,4,0,4,0.5762472739365329,0.2966451
18026,9,5,4,0.3257480163155468,0.18750858
1883,5,0,5,0.40202296519814446,0.16897008
19028,4,2,2,0.48213446890041695,0.26080176
20057,5,0,5,0.4609594157934377,0.19200537
20251,4,2,2,0.38163007550072925,0.19193955
21408,4,0,4,0.3938605434259538,0.18229392
21720,4,2,2,0.4927157951184814,0.23306563
23243,4,0,4,0.5116989690441897,0.22796002
23540,7,0,7,0.5562988993643948,0.3265985
23693,4,2,2,0.5173410857816405,0.30710223
25550,4,2,2,0.45852050837177594,0.19661623
26688,4,0,4,0.5024855954236649,0.22750767
27089,4,0,4,0.5630645508556242,0.26504663
28620,5,3,2,0.6371504381043673,0.26066685
28634,4,2,2,0.5372603422935425,0.28023687
30363,6,3,3,0.3486121560098822,0.21657632
31837,5,0,5,0.5850190655427712,0.17894574
32740,5,3,2,0.5264438349897863,0.24586205
32911,4,2,2,0.5840320059867986,0.19161537
33588,4,2,2,0.3234925164570932,0.09556924
3416,8,0,8,0.5950980146544511,0.28196067
3510,4,2,2,0.4508052206791092,0.15307125
35109,7,0,7,0.5634313084060941,0.2584124
35152,4,0,4,0.4370488380144315,0.22512746
35847,4,2,2,0.5053140353420218,0.1808127
38946,4,2,2,0.48756703034456345,0.2875709
38996,6,0,6,0.4985871461004336,0.2494121
4083,5,3,2,0.47086535717805394,0.23444101
40861,5,0,5,0.575951928962269,0.32392853
41010,4,2,2,0.3586102407702757,0.1315172
41244,7,0,7,0.361103984509974,0.18763149
41560,7,0,7,0.30999693442578885,0.17172596
41584,4,2,2,0.4483465754273601,0.29104215
41610,5,3,2,0.454586347738685,0.20249689
42045,4,0,4,0.429718901975827,0.22118886
42160,4,2,2,0.618015470624024,0.2455654
42746,4,2,2,0.2778883456098621,0.1652821
44676,4,2,2,0.5015270671205543,0.23415475
44780,5,3,2,0.5669101876984808,0.3600717
45607,4,0,4,0.6676421563693885,0.30398798
45666,5,3,2,0.5307265133171827,0.22139326
48596,5,0,5,0.5100198929832691,0.26030654
49656,4,0,4,0.297338325790534,0.16489074
52199,4,2,2,0.48754734096514546,0.28855237
53394,4,2,2,0.6854133603134526,0.5232445
55156,4,0,4,0.560254301731138,0.1701215
55483,4,2,2,0.4921734165951966,0.23809545
57126,4,0,4,0.34190508276318576,0.18696062
57737,4,2,2,0.44890834864990553,0.18659368
58656,4,0,4,0.53600514008726,0.16592886
60716,4,0,4,0.6147460444892674,0.16848509
61976,5,0,5,0.4478229101683139,0.19244465
62210,4,0,4,0.5860653532428021,0.22129951
62236,4,0,4,0.49593012438835893,0.25075397
63706,4,2,2,0.34809885534846796,0.33857965
64385,6,3,3,0.5784540110456949,0.19935745
6454,4,0,4,0.42817291298497095,0.1388109
64673,5,0,5,0.4859371763549064,0.1580877
64707,4,0,4,0.5391482267017684,0.2783453
64851,4,0,4,0.4268438852158448,0.2328699
65198,4,2,2,0.4940032226942438,0.22152957
9559,6,3,3,0.5113686282699498,0.16609259
997,4,0,4,0.38528564670067555,0.1435957
