y_true,score_sem_wavelet,score_com_wavelet,pred_sem_wavelet,pred_com_wavelet
0,0.3851052546436531,0.1673663,1,1
0,0.5538858481258992,0.38910675,1,1
0,0.7050657099205395,0.4799041,1,1
0,0.15333848984544018,0.16901869,1,1
0,0.5872018241428123,0.2532305,1,1
0,0.5304667958647614,0.2481548,1,1
0,0.7193172544964425,0.41216502,1,1
0,0.764016365528859,0.19085401,1,1
0,0.7020677530361658,0.30514047,1,1
0,0.4694741896488147,0.18528132,1,1
0,0.4292425931536221,0.17667866,1,1
1,0.3880308023429148,0.28080198,1,1
0,0.3737665449290763,0.19375373,1,1
0,0.5247062679077462,0.28313074,1,1
1,0.41753660478784976,0.14189525,1,1
0,0.6188385556089245,0.36158016,1,1
0,0.5309422566247513,0.314504,1,1
0,0.4181058284319333,0.11571562,1,0
0,0.4032535826305179,0.20287797,1,1
1,0.48973187904662446,0.41279465,1,1
0,0.22368379036311042,0.14781006,1,1
1,0.3551406669802916,0.18663535,1,1
0,0.417340577192778,0.2649664,1,1
1,0.5375469010882138,0.20090693,1,1
0,0.5354182446996211,0.13033365,1,1
1,0.36020220517705503,0.19274342,1,1
1,0.4328813460088723,0.17264816,1,1
0,0.5853484767689067,0.22804049,1,1
0,0.5237201231476436,0.12281687,1,0
0,0.40658218268215185,0.17145191,1,1
1,0.49285686932518763,0.24144137,1,1
1,0.6981615255866094,0.27437416,1,1
0,0.58436452293612,0.19177125,1,1
0,0.5832588705031962,0.31660786,1,1
0,0.6968015971029481,0.20502312,1,1
0,0.4759712446622207,0.18554127,1,1
0,0.4404390053234616,0.2377218,1,1
1,0.5061658054597502,0.25430095,1,1
0,0.4431366908096504,0.09803755,1,0
0,0.4585248411381551,0.15132138,1,1
1,0.6333035710922391,0.162074,1,1
0,0.513147443044617,0.18964551,1,1
0,0.7227947065026088,0.35837045,1,1
0,0.4643289513454981,0.17270564,1,1
0,0.6099935252304429,0.26514676,1,1
0,0.48087888607243034,0.28882843,1,1
0,0.45715152275682797,0.19322969,1,1
0,0.3568795173653014,0.09739738,1,0
0,0.5584670782424369,0.21694139,1,1
0,0.52451638648352,0.14528993,1,1
0,0.5348739462263129,0.2837034,1,1
0,0.6864405093406497,0.29099736,1,1
0,0.4226377497067162,0.3018575,1,1
0,0.6610368904724526,0.31002223,1,1
0,0.4685292784689867,0.11974599,1,0
1,0.5430736949622299,0.13772559,1,1
1,0.513082097860864,0.15703182,1,1
1,0.04124188304412851,0.2420158,1,1
1,0.7674787067921162,0.14487955,1,1
0,0.06821767816316751,0.21414806,1,1
0,0.44065580447711544,0.1291895,1,1
0,0.03648143022748408,0.2166195,0,1
1,0.05297157284382849,0.32622144,1,1
0,0.40187168442268173,0.14543526,1,1
0,0.4698000651216872,0.110140145,1,0
0,0.316679654204946,0.16756046,1,1
0,0.3989590820044698,0.20864554,1,1
0,0.4228043402369377,0.21306895,1,1
0,0.5095506020906618,0.26429886,1,1
1,0.45094835326470645,0.19979225,1,1
1,0.5962163203664789,0.3040497,1,1
0,0.3718225998798205,0.27506626,1,1
0,0.5162132538553432,0.19040363,1,1
0,0.2722721137574859,0.14207232,1,1
0,0.6035531919031611,0.27362958,1,1
0,0.28773410460315746,0.15414119,1,1
0,0.6250244148480408,0.19978015,1,1
0,0.3898324327462245,0.2541467,1,1
0,0.4311474955793033,0.22054645,1,1
1,0.3350917638595892,0.16475548,1,1
1,0.37044860981779987,0.12830955,1,1
0,0.4100066993566632,0.1536611,1,1
0,0.31808373366914333,0.21107656,1,1
0,0.4081234525318438,0.18099035,1,1
0,0.43922828814616494,0.18344769,1,1
0,0.3606040507787464,0.18138821,1,1
1,0.6934206136428561,0.45213452,1,1
1,0.3599032995891047,0.15256298,1,1
0,0.5569352164632182,0.14617687,1,1
0,0.6432275748024323,0.31939468,1,1
0,0.4769809333260638,0.25026563,1,1
0,0.4699250221035327,0.20131694,1,1
0,0.45666234594472993,0.14086281,1,1
0,0.39063048534055933,0.3512343,1,1
0,0.6473334401442583,0.31227303,1,1
0,0.4536501257990096,0.23629466,1,1
0,0.7128209966947178,0.354649,1,1
0,0.7316407571515465,0.31418964,1,1
0,0.5373706289400336,0.322076,1,1
0,0.42064586148063837,0.3954729,1,1
0,0.8923308035526704,0.5965006,1,1
1,0.49827746133987993,0.13529274,1,1
1,0.4296021195869738,0.27589318,1,1
0,0.24915395864703807,0.22072245,1,1
1,0.31408999665164866,0.10017994,1,0
0,0.5072105533637646,0.24224144,1,1
0,0.5425559041177968,0.1884982,1,1
1,0.4702255793538937,0.25554532,1,1
0,0.43204056671881413,0.27498218,1,1
0,0.42484004164490147,0.19443618,1,1
0,0.5783768967371733,0.21482283,1,1
0,0.5746848765937704,0.22578947,1,1
0,0.5508201277893929,0.22367679,1,1
0,0.6547359531581824,0.22075549,1,1
0,0.5582593958136364,0.3538645,1,1
0,0.4884427266612852,0.2618898,1,1
1,0.6516371906038596,0.26976177,1,1
1,0.543242893160622,0.30183384,1,1
0,0.667975481608649,0.21852913,1,1
1,0.6240442170645601,0.17790791,1,1
0,0.698852408084146,0.33530155,1,1
0,0.5424016554015822,0.1556662,1,1
0,0.42250011303715707,0.32251373,1,1
1,0.5894408359359941,0.33799273,1,1
1,0.5946987647994365,0.30477485,1,1
0,0.28355479249549276,0.36991224,1,1
1,0.15744933763457516,0.11324615,1,0
0,0.6713275894093077,0.18211289,1,1
1,0.5202060209146876,0.21274771,1,1
1,0.20034350767721695,0.18480091,1,1
0,0.2587916879280129,0.23663798,1,1
0,0.5234856052434357,0.15159406,1,1
0,0.6044052212136528,0.09747262,1,0
0,0.6621010955119869,0.17022865,1,1
0,0.609639148177136,0.29646605,1,1
0,0.5254642575676441,0.17896728,1,1
1,0.4200269788111504,0.21261609,1,1
0,0.5304260873011107,0.21379204,1,1
1,0.600540982995918,0.30820146,1,1
1,0.5377539816276333,0.2201927,1,1
0,0.5434711442131189,0.274508,1,1
0,0.6130377603473235,0.17982973,1,1
1,0.5517594901495111,0.21653506,1,1
0,0.471996535890561,0.15921971,1,1
1,0.699334237559799,0.210877,1,1
0,0.6557817901148918,0.058277655,1,0
1,0.3454390312666353,0.040879656,1,0
1,0.14289302237166182,0.11670786,1,0
0,0.14985622207518404,0.16641177,1,1
0,0.6863686367379259,0.27636445,1,1
0,0.6499433979794743,0.3004397,1,1
0,0.4459355081576511,0.15203178,1,1
0,0.6262516196213388,0.4648879,1,1
0,0.43761573654215324,0.22589616,1,1
0,0.6373216590046835,0.37897354,1,1
0,0.7124217335716502,0.23055796,1,1
0,0.5649258256207315,0.22653373,1,1
0,0.41318342513249606,0.1396137,1,1
1,0.5344004007153097,0.19056779,1,1
0,0.5202680749057678,0.12684315,1,0
1,0.33536898196286347,0.1552604,1,1
0,0.5401326487012705,0.26917604,1,1
0,0.420364515530798,0.19937977,1,1
0,0.6310876302828751,0.3714711,1,1
0,0.5269320973196371,0.28942636,1,1
0,0.514658486210353,0.19637384,1,1
0,0.6924120834311739,0.24280788,1,1
0,0.6184316973665516,0.24025172,1,1
0,0.7223979951598487,0.28590217,1,1
0,0.0945995222442917,0.11698413,1,0
0,0.20151235843293827,0.1786889,1,1
0,0.7296854762206474,0.31893462,1,1
1,0.3907714515790467,0.2208251,1,1
0,0.5863318669689633,0.19145097,1,1
1,0.5913768149418666,0.19968234,1,1
0,0.45277600787821076,0.111292414,1,0
1,0.40952895423014996,0.3125969,1,1
0,0.5218881376193297,0.24505319,1,1
0,0.38897400527474474,0.17510231,1,1
1,0.6298770242540295,0.41753122,1,1
0,0.44880028416681667,0.2472469,1,1
0,0.6117178726176302,0.30863562,1,1
0,0.4377821356131139,0.30128366,1,1
0,0.4729533402352592,0.25710854,1,1
0,0.5386159578819314,0.19917528,1,1
0,0.48165328608785,0.18302262,1,1
1,0.4774359926047749,0.31978977,1,1
0,0.5694251787002566,0.22101367,1,1
1,0.405294807316073,0.2685582,1,1
1,0.4679397762499855,0.22206621,1,1
0,0.4342310310191796,0.14077729,1,1
0,0.599918838688272,0.18466991,1,1
0,0.4583055209568992,0.396277,1,1
0,0.6851816300153454,0.3093918,1,1
0,0.6088098436965912,0.2853039,1,1
0,0.5275438114542375,0.44400007,1,1
0,0.26052467598945883,0.09936148,1,0
1,0.35808075083617996,0.08373934,1,0
1,0.4075615146200192,0.1890278,1,1
0,0.40827402163544485,0.15394022,1,1
0,0.3370730943933753,0.13123636,1,1
0,0.4010667068464526,0.1718738,1,1
0,0.3817990798521982,0.21970363,1,1
0,0.40348286507686126,0.27818444,1,1
0,0.3253189423854001,0.16912486,1,1
0,0.32640193723886995,0.21552852,1,1
0,0.35258526577666044,0.1277688,1,0
0,0.38545633155470393,0.19330037,1,1
0,0.2974526176457969,0.18701911,1,1
0,0.28092719180254133,0.10836335,1,0
0,0.32084782018859886,0.09745991,1,0
0,0.37558833471767905,0.21129343,1,1
0,0.1963262982808622,0.15796867,1,1
0,0.3133799467903398,0.24667677,1,1
1,0.2362954325444316,0.29335076,1,1
0,0.694947971733399,0.36060753,1,1
0,0.32184523065930376,0.2501875,1,1
1,0.5402976667723062,0.26002276,1,1
0,0.5474852871985338,0.22514224,1,1
1,0.47665970917681116,0.1884688,1,1
0,0.3311859736510776,0.21830261,1,1
1,0.4500836129506922,0.21127121,1,1
1,0.4675171557163099,0.16929953,1,1
0,0.3824458685309067,0.18636785,1,1
0,0.5380854795411911,0.3222916,1,1
0,0.35024221899187896,0.14444174,1,1
0,0.44810204083933136,0.23165423,1,1
0,0.5750021198516396,0.32171252,1,1
1,0.6043574682936055,0.16895835,1,1
0,0.630091327883807,0.28139094,1,1
1,0.6626109664670436,0.21019979,1,1
1,0.26627682982070533,0.17661737,1,1
1,0.2818922711656948,0.20693769,1,1
0,0.18703631380244348,0.12353291,1,0
0,0.37634796765060474,0.15404047,1,1
0,0.47321145372492757,0.17229511,1,1
1,0.5375054885412278,0.28209656,1,1
1,0.4360777212009336,0.19141968,1,1
0,0.5593136050151283,0.29080766,1,1
0,0.2935501954887235,0.41316158,1,1
1,0.6875461244580111,0.45000115,1,1
0,0.5434116517393247,0.33070123,1,1
1,0.9062525425667489,0.45540023,1,1
1,0.4037904242395956,0.15109421,1,1
0,0.6200865393638058,0.25086784,1,1
0,0.733635624864896,0.29689974,1,1
0,0.6611096262467399,0.2902674,1,1
0,0.6557368350021124,0.37791696,1,1
1,0.48052958624671316,0.19436797,1,1
0,0.6564480991800683,0.28099462,1,1
1,0.4476753345520558,0.11308974,1,0
1,0.37604857689490456,0.12991963,1,1
0,0.6929309697121715,0.38859436,1,1
0,0.5022089604916071,0.2148752,1,1
0,0.569426377022331,0.26764488,1,1
0,0.44793591880131334,0.2703758,1,1
0,0.5092906579503009,0.17337161,1,1
0,0.5212375506507936,0.37526515,1,1
0,0.3805103132772443,0.12271309,1,0
0,0.16138889171281187,0.18360472,1,1
0,0.11283798386235443,0.1539434,1,1
0,0.5346161143097254,0.19930176,1,1
1,0.34852416917046103,0.111379266,1,0
0,0.7103178266308636,0.5406076,1,1
0,0.41200036628387604,0.32664946,1,1
1,0.4793470017753811,0.1755732,1,1
0,0.8437966564075342,0.6969178,1,1
0,0.6429257945492997,0.50072277,1,1
1,0.5373232765279897,0.39326775,1,1
1,0.7176077137689867,0.5020696,1,1
0,0.7359049198049562,0.20535946,1,1
0,0.48220712890348866,0.18950254,1,1
0,0.4063839091937806,0.19686583,1,1
0,0.6165212490223264,0.08875818,1,0
1,0.5294600913931994,0.2282598,1,1
0,0.5660402289991548,0.32632065,1,1
1,0.3723810662234974,0.20939967,1,1
0,0.5008122797649347,0.18840167,1,1
0,0.3756549157296467,0.2032903,1,1
0,0.3601879167673201,0.2737213,1,1
0,0.24603142417665144,0.14071444,1,1
0,0.38574607437912467,0.13011646,1,1
1,0.37676906034855023,0.17743227,1,1
0,0.47260387878239646,0.15866297,1,1
1,0.4824015000659347,0.21882038,1,1
0,0.4638589554027407,0.19145909,1,1
0,0.5326371608340486,0.15591186,1,1
0,0.6432682409693095,0.123376235,1,0
0,0.5700523645185093,0.25183952,1,1
0,0.39806279402717265,0.1325878,1,1
0,0.7501537581257117,0.121241525,1,0
0,0.6717147042532036,0.19584468,1,1
0,0.3910809247118625,0.15052153,1,1
0,0.6460347908662917,0.20633264,1,1
0,0.4807880623672192,0.2887851,1,1
0,0.3970265213303753,0.11998807,1,0
0,0.5004797659800196,0.10439729,1,0
0,0.5024445394693519,0.2966441,1,1
0,0.35837566169460333,0.15240872,1,1
0,0.692356179691857,0.22165017,1,1
0,0.7648367558416763,0.21407995,1,1
0,0.3689631935856445,0.17253625,1,1
0,0.5181052838520305,0.2769317,1,1
0,0.42638925513602005,0.18826108,1,1
0,0.4248255002116069,0.28904983,1,1
0,0.5354768043442982,0.28960407,1,1
0,0.5970289378615106,0.23610084,1,1
1,0.4912486939752507,0.31599277,1,1
0,0.20769597476987603,0.34304208,1,1
0,0.5000345336998372,0.42291453,1,1
1,0.1934162189489079,0.27236927,1,1
1,0.566903065190828,0.25950056,1,1
1,0.6276532522599303,0.24102397,1,1
0,0.5533549073035773,0.11681799,1,0
0,0.5586210084663054,0.18693967,1,1
0,0.5434175980379498,0.17267364,1,1
1,0.6207742350155787,0.2191889,1,1
0,0.504733163047016,0.1643408,1,1
0,0.4969011819015042,0.17101854,1,1
0,0.37522157421765334,0.10870333,1,0
0,0.33583573277371026,0.111180976,1,0
0,0.3148361565708589,0.042737976,1,0
0,0.5430642067522307,0.30004457,1,1
0,0.5227040947315701,0.22186786,1,1
0,0.5009501016777063,0.10710215,1,0
0,0.5481313220421663,0.11868601,1,0
0,0.4273642800742456,0.24460611,1,1
0,0.49752833422869003,0.30175102,1,1
0,0.5000309725742332,0.27357504,1,1
0,0.7316693199299047,0.29344898,1,1
0,0.21603738328345423,0.16648002,1,1
0,0.4699068986986201,0.3314081,1,1
0,0.50638471806805,0.2232456,1,1
0,0.515046540813255,0.21034586,1,1
1,0.42801430528757856,0.2751998,1,1
0,0.545937246941072,0.18502916,1,1
0,0.5354503762389311,0.20067933,1,1
1,0.46661096230939353,0.22521001,1,1
1,0.5401023995965663,0.18902023,1,1
1,0.5328786235077705,0.2783838,1,1
0,0.5374862848468412,0.121933594,1,0
1,0.42447049053157293,0.13637672,1,1
0,0.5783871478307878,0.14587565,1,1
0,0.45488682330615976,0.124965616,1,0
0,0.36565702798866906,0.118010215,1,0
0,0.5012131402339628,0.2011117,1,1
0,0.359226547127697,0.14923215,1,1
0,0.3150458714523733,0.106028706,1,0
