image_path,cancer
/media/angualberto/423ff97c-bf80-4bc9-9621-cf3ec081fd25/rsna_breast_cancer_detection/train_images/10432/1434858530.dcm,1
/media/angualberto/423ff97c-bf80-4bc9-9621-cf3ec081fd25/rsna_breast_cancer_detection/train_images/10432/458553546.dcm,1
/media/angualberto/423ff97c-bf80-4bc9-9621-cf3ec081fd25/rsna_breast_cancer_detection/train_images/11365/199041775.dcm,1
/media/angualberto/423ff97c-bf80-4bc9-9621-cf3ec081fd25/rsna_breast_cancer_detection/train_images/11365/671458270.dcm,1
/media/angualberto/423ff97c-bf80-4bc9-9621-cf3ec081fd25/rsna_breast_cancer_detection/train_images/11919/1007401721.dcm,1
/media/angualberto/423ff97c-bf80-4bc9-9621-cf3ec081fd25/rsna_breast_cancer_detection/train_images/11919/1017363921.dcm,1
/media/angualberto/423ff97c-bf80-4bc9-9621-cf3ec081fd25/rsna_breast_cancer_detection/train_images/11937/1767654639.dcm,1
/media/angualberto/423ff97c-bf80-4bc9-9621-cf3ec081fd25/rsna_breast_cancer_detection/train_images/11937/457443056.dcm,1
/media/angualberto/423ff97c-bf80-4bc9-9621-cf3ec081fd25/rsna_breast_cancer_detection/train_images/12392/1420153030.dcm,1
/media/angualberto/423ff97c-bf80-4bc9-9621-cf3ec081fd25/rsna_breast_cancer_detection/train_images/12392/982883275.dcm,1
/media/angualberto/423ff97c-bf80-4bc9-9621-cf3ec081fd25/rsna_breast_cancer_detection/train_images/12485/1446339465.dcm,1
/media/angualberto/423ff97c-bf80-4bc9-9621-cf3ec081fd25/rsna_breast_cancer_detection/train_images/12485/1563019139.dcm,1
/media/angualberto/423ff97c-bf80-4bc9-9621-cf3ec081fd25/rsna_breast_cancer_detection/train_images/12725/1289574047.dcm,1
/media/angualberto/423ff97c-bf80-4bc9-9621-cf3ec081fd25/rsna_breast_cancer_detection/train_images/12725/1297379916.dcm,1
/media/angualberto/423ff97c-bf80-4bc9-9621-cf3ec081fd25/rsna_breast_cancer_detection/train_images/12725/1435663649.dcm,1
/media/angualberto/423ff97c-bf80-4bc9-9621-cf3ec081fd25/rsna_breast_cancer_detection/train_images/12725/156027166.dcm,1
/media/angualberto/423ff97c-bf80-4bc9-9621-cf3ec081fd25/rsna_breast_cancer_detection/train_images/12918/610792199.dcm,1
/media/angualberto/423ff97c-bf80-4bc9-9621-cf3ec081fd25/rsna_breast_cancer_detection/train_images/12918/835777184.dcm,1
/media/angualberto/423ff97c-bf80-4bc9-9621-cf3ec081fd25/rsna_breast_cancer_detection/train_images/12988/1191890529.dcm,1
/media/angualberto/423ff97c-bf80-4bc9-9621-cf3ec081fd25/rsna_breast_cancer_detection/train_images/12988/551129512.dcm,1
/media/angualberto/423ff97c-bf80-4bc9-9621-cf3ec081fd25/rsna_breast_cancer_detection/train_images/10324/1430620887.dcm,0
/media/angualberto/423ff97c-bf80-4bc9-9621-cf3ec081fd25/rsna_breast_cancer_detection/train_images/10324/244315935.dcm,0
/media/angualberto/423ff97c-bf80-4bc9-9621-cf3ec081fd25/rsna_breast_cancer_detection/train_images/10324/32340277.dcm,0
/media/angualberto/423ff97c-bf80-4bc9-9621-cf3ec081fd25/rsna_breast_cancer_detection/train_images/10324/329930293.dcm,0
/media/angualberto/423ff97c-bf80-4bc9-9621-cf3ec081fd25/rsna_breast_cancer_detection/train_images/10324/540973699.dcm,0
/media/angualberto/423ff97c-bf80-4bc9-9621-cf3ec081fd25/rsna_breast_cancer_detection/train_images/10324/690183.dcm,0
/media/angualberto/423ff97c-bf80-4bc9-9621-cf3ec081fd25/rsna_breast_cancer_detection/train_images/10432/1540201051.dcm,0
/media/angualberto/423ff97c-bf80-4bc9-9621-cf3ec081fd25/rsna_breast_cancer_detection/train_images/10432/956574704.dcm,0
/media/angualberto/423ff97c-bf80-4bc9-9621-cf3ec081fd25/rsna_breast_cancer_detection/train_images/10432/958479048.dcm,0
/media/angualberto/423ff97c-bf80-4bc9-9621-cf3ec081fd25/rsna_breast_cancer_detection/train_images/10534/1726763733.dcm,0
/media/angualberto/423ff97c-bf80-4bc9-9621-cf3ec081fd25/rsna_breast_cancer_detection/train_images/10534/1922586609.dcm,0
/media/angualberto/423ff97c-bf80-4bc9-9621-cf3ec081fd25/rsna_breast_cancer_detection/train_images/10534/547002624.dcm,0
/media/angualberto/423ff97c-bf80-4bc9-9621-cf3ec081fd25/rsna_breast_cancer_detection/train_images/10534/93022595.dcm,0
/media/angualberto/423ff97c-bf80-4bc9-9621-cf3ec081fd25/rsna_breast_cancer_detection/train_images/10822/1770807658.dcm,0
/media/angualberto/423ff97c-bf80-4bc9-9621-cf3ec081fd25/rsna_breast_cancer_detection/train_images/10822/1838021144.dcm,0
/media/angualberto/423ff97c-bf80-4bc9-9621-cf3ec081fd25/rsna_breast_cancer_detection/train_images/10822/711533480.dcm,0
/media/angualberto/423ff97c-bf80-4bc9-9621-cf3ec081fd25/rsna_breast_cancer_detection/train_images/10822/836443904.dcm,0
/media/angualberto/423ff97c-bf80-4bc9-9621-cf3ec081fd25/rsna_breast_cancer_detection/train_images/11017/1075876909.dcm,0
/media/angualberto/423ff97c-bf80-4bc9-9621-cf3ec081fd25/rsna_breast_cancer_detection/train_images/11017/348553439.dcm,0
/media/angualberto/423ff97c-bf80-4bc9-9621-cf3ec081fd25/rsna_breast_cancer_detection/train_images/11017/4703157.dcm,0
